Brand,ProductType,ShadeCode,ShadeName,Collection,ProductURL,SwatchImageURL,ApproxHex
OPI,Nail Lacquer,NLH82,Let's Be Friends,2021 OPI x Hello Kitty,https://www.opi.com/en-GB/products/nail-lacquer-lets-be-friends,https://cdn.shopify.com/s/files/1/0656/5547/2343/files/lets-be-friends-brush-swatch_2c0c90c2-35ea-4337-8b38-c86aa70beb7b.jpg?v=1713777731,#E8D5D7
OPI,Nail Lacquer,NLLA10,Abstract After Dark,Downtown Los Angeles,https://www.opi.com/en-GB/products/nail-lacquer-abstract-after-dark,https://cdn.shopify.com/s/files/1/0656/5547/2343/files/abstract-after-dark-brush-swatch_0edb56dd-5057-4298-ad6f-9497ed941576.jpg?v=1704978517,#231238
OPI,Nail Lacquer,NLH004,Hollywood & Vibe,Hollywood,https://www.opi.com/en-GB/products/nail-lacquer-hollywood-vibe,https://cdn.shopify.com/s/files/1/0656/5547/2343/files/hollywood-and-vibe-brush-swatch_debf4283-c21a-4f2b-aa8b-9b528510951b.jpg?v=1713777595,#E9CBD9
OPI,Nail Lacquer,NLH001,Suzi Calls the Paparazzi,Hollywood,https://www.opi.com/en-GB/products/nail-lacquer-suzi-calls-the-paparazzi,https://cdn.shopify.com/s/files/1/0656/5547/2343/files/suzi-calls-the-paparazzi-brush-swatch_006f0447-7c88-4249-8342-b6e4a6637f86.jpg?v=1704979210,#D2969D
OPI,Nail Lacquer,NLL00,Alpine Snow®,Classics,https://www.opi.com/en-GB/products/nail-lacquer-alpine-snow,https://cdn.shopify.com/s/files/1/0656/5547/2343/files/alpine-snow-brush-swatch_8b02dfdd-07d7-4c5b-bd76-f7e9f6eea2d7.jpg?v=1704978517,#E5E4E5
OPI,Nail Lacquer,NLSH1,"Baby, Take a Vow",Always Bare For You,https://www.opi.com/en-GB/products/nail-lacquer-baby-take-a-vow,https://cdn.shopify.com/s/files/1/0656/5547/2343/files/baby-take-a-vow-brush-swatch_f9c67045-212b-4b91-a9a6-a2b8c6bab9a3.jpg?v=1704978585,#E7BFBF
OPI,Nail Lacquer,NLSH4,Bare My Soul,Always Bare For You,https://www.opi.com/en-GB/products/nail-lacquer-bare-my-soul,https://cdn.shopify.com/s/files/1/0656/5547/2343/files/bare-my-soul-brush-swatch_74791980-a9ce-4963-9f6e-ab3bcf91804b.jpg?v=1704978588,#CBA8A3
OPI,Nail Lacquer,NLE41,Barefoot in Barcelona,Classics,https://www.opi.com/en-GB/products/nail-lacquer-barefoot-in-barcelona,https://cdn.shopify.com/s/files/1/0656/5547/2343/files/barefoot-in-barcelona-brush-swatch_6bf36fb9-a5ef-463a-ad20-5789a903f598.jpg?v=1704978585,#C28B84
OPI,Nail Lacquer,NLG13,Berlin There Done That,Classics,https://www.opi.com/en-GB/products/nail-lacquer-berlin-there-done-that,https://cdn.shopify.com/s/files/1/0656/5547/2343/files/berlin-there-done-that-brush-swatch_9f41db44-b9ee-4fe3-a6b6-da61645cc61e.jpg?v=1704978626,#C5ADAB
OPI,Nail Lacquer,NLN25,Big Apple Red®,Classics,https://www.opi.com/en-GB/products/nail-lacquer-big-apple-red,https://cdn.shopify.com/s/files/1/0656/5547/2343/files/big-apple-red-brush-swatch_0baef27e-2d72-4a63-944b-100fc7139f49.jpg?v=1704978590,#B5000F
OPI,Nail Lacquer,NLI43,Black Cherry Chutney,Classics,https://www.opi.com/en-GB/products/nail-lacquer-black-cherry-chutney,https://cdn.shopify.com/s/files/1/0656/5547/2343/files/black-cherry-chutney-brush-swatch_f1391bbd-dd31-4889-8aa0-3cbfe4513fe2.jpg?v=1704978590,#1B0913
OPI,Nail Lacquer,NLF52,Bogotá Blackberry,Classics,https://www.opi.com/en-GB/products/nail-lacquer-bogota-blackberry,https://cdn.shopify.com/s/files/1/0656/5547/2343/files/bogota-blackberry-brush-swatch_30ef0948-3c9b-4d7d-9ebd-2f9ab2e15a52.jpg?v=1712565234,#4B0B11
OPI,Nail Lacquer,NLS86,Bubble Bath®,Classics,https://www.opi.com/en-GB/products/nail-lacquer-bubble-bath,https://cdn.shopify.com/s/files/1/0656/5547/2343/files/bubble-bath-brush-swatch_82df8a37-ebb7-4035-8b39-98335ddffe65.jpg?v=1712565566,#FCD9D0
OPI,Nail Lacquer,NLL64,Cajun Shrimp®,Classics,https://www.opi.com/en-GB/products/nail-lacquer-cajun-shrimp,https://cdn.shopify.com/s/files/1/0656/5547/2343/files/cajun-shrimp-brush-swatch_83d255df-c7ec-49d5-97b7-f6a33b64f2c0.jpg?v=1704978629,#E60828
OPI,Nail Lacquer,NLE75,Can’t Find My Czechbook,Classics,https://www.opi.com/en-GB/products/nail-lacquer-cant-find-my-czechbook,https://cdn.shopify.com/s/files/1/0656/5547/2343/files/cant-find-my-czechbook-brush-swatch_a85f3da1-aa4a-4df4-8e17-b116342f9d94.jpg?v=1704978629,#66B1C3
OPI,Nail Lacquer,NLH02,Chick Flick Cherry,Classics,https://www.opi.com/en-GB/products/nail-lacquer-chick-flick-cherry,https://cdn.shopify.com/s/files/1/0656/5547/2343/files/chick-flick-cherry-brush-swatch_c8f69be5-c251-4181-b13c-b5a3fb6cfcb2.jpg?v=1704978638,#660616
OPI,Nail Lacquer,NLSH3,Chiffon-d of You,Always Bare For You,https://www.opi.com/en-GB/products/nail-lacquer-chiffon-d-of-you,https://cdn.shopify.com/s/files/1/0656/5547/2343/files/chiffon-d-of-you-brush-swatch_44eb19de-17f3-45ba-9e6d-ef7154d164f5.jpg?v=1704978646,#BFAFAB
OPI,Nail Lacquer,NLZ13,Color So Hot It Berns,Classics,https://www.opi.com/en-GB/products/nail-lacquer-color-so-hot-it-berns,https://cdn.shopify.com/s/files/1/0656/5547/2343/files/color-so-hot-it-berns-nlz13-nail-lacquer-22001014166_9394e86f-546b-4541-867e-098a977f4c16.jpg?v=1704978706,#7C151E
OPI,Nail Lacquer,NLB29,Do You Lilac It?,Classics,https://www.opi.com/en-GB/products/nail-lacquer-do-you-lilac-it,https://cdn.shopify.com/s/files/1/0656/5547/2343/files/do-you-lilac-it-brush-swatch_2a8d6d07-aeb5-476d-83f6-69f1a86c7384.jpg?v=1749227720,#B698CD
OPI,Nail Lacquer,NLH67,Do You Take Lei Away?,Classics,https://www.opi.com/en-GB/products/nail-lacquer-do-you-take-lei-away,https://cdn.shopify.com/s/files/1/0656/5547/2343/files/do-you-take-lei-away-brush-swatch_d80adfe4-4ec9-42c9-9cb2-a98dded6283f.jpg?v=1704978711,#DDC6C2
OPI,Nail Lacquer,NLA60,Don't Bossa Nova Me Around®,Classics,https://www.opi.com/en-GB/products/nail-lacquer-dont-bossa-nova-me-around,https://cdn.shopify.com/s/files/1/0656/5547/2343/files/dont-bossa-nova-me-arnd-brush-swatch_664eb14c-592b-4f2b-ac42-82fd1bf626f7.jpg?v=1704978706,#C4B2B6
OPI,Nail Lacquer,NLA15,Dulce de Leche,Classics,https://www.opi.com/en-GB/products/nail-lacquer-dulce-de-leche,https://cdn.shopify.com/s/files/1/0656/5547/2343/files/dulce-de-leche-brush-swatch_3368a654-9b84-4b86-8307-4eaa526d2e5a.jpg?v=1712940191,#E3AAA4
OPI,Nail Lacquer,NLL60,Dutch Tulips,Classics,https://www.opi.com/en-GB/products/nail-lacquer-dutch-tulips,https://cdn.shopify.com/s/files/1/0656/5547/2343/files/dutch-tulips-brush-swatch_4ae02e24-3730-4961-8ea0-baf0adc2a6e8.jpg?v=1712955307,#B80228
OPI,Nail Lacquer,NLH22,Funny Bunny®,Classics,https://www.opi.com/en-GB/products/nail-lacquer-funny-bunny,https://cdn.shopify.com/s/files/1/0656/5547/2343/files/funny-bunny-brush-swatch_ee0d9897-9668-4b97-9690-4e06bc040b03.jpg?v=1712565129,#E4E2DE
OPI,Nail Lacquer,NLV30,Gimme a Lido Kiss,Classics,https://www.opi.com/en-GB/products/nail-lacquer-gimme-a-lido-kiss,https://cdn.shopify.com/s/files/1/0656/5547/2343/files/gimme-a-lido-kiss-brush-swatch_6ae5c329-0be2-4805-a5b5-76bc12849bf3.jpg?v=1704978751,#921101
OPI,Nail Lacquer,NLN57,Got Myself into a Jam-balaya,Classics,https://www.opi.com/en-GB/products/nail-lacquer-got-myself-into-a-jam-balaya,https://cdn.shopify.com/s/files/1/0656/5547/2343/files/got-myself-into-a-jambalaya-brush-swatch_2629c4f9-16aa-44e4-8647-b65c664042db.jpg?v=1704978778,#EE8682
OPI,Nail Lacquer,NLW52,Got the Blues for Red,Classics,https://www.opi.com/en-GB/products/nail-lacquer-got-the-blues-for-red,https://cdn.shopify.com/s/files/1/0656/5547/2343/files/got-the-blues-for-red-brush-swatch_887c3190-8d58-4335-86cd-f220b0a70757.jpg?v=1704978778,#4A0006
OPI,Nail Lacquer,NLA36,Happy Anniversary!,Classics,https://www.opi.com/en-GB/products/nail-lacquer-happy-anniversary,https://cdn.shopify.com/s/files/1/0656/5547/2343/files/happy-anniversary-brush-swatch_354f8572-913c-40a9-95f5-96b8e88a5d5a.jpg?v=1704978781,#E3E1DD
OPI,Nail Lacquer,NLA06,Hawaiian Orchid,Classics,https://www.opi.com/en-GB/products/nail-lacquer-hawaiian-orchid,https://cdn.shopify.com/s/files/1/0656/5547/2343/files/hawaiian-orchid-brush-swatch_e05a0b3e-5102-4d3b-8925-f5929f225db6.jpg?v=1704978778,#E68FA2
OPI,Nail Lacquer,NLH08,I'm Not Really a Waitress®,Classics,https://www.opi.com/en-GB/products/nail-lacquer-im-not-really-a-waitress,https://cdn.shopify.com/s/files/1/0656/5547/2343/files/im-not-really-a-waitress-brush-swatch_c07e47d6-565b-4529-8613-583b6c7bb15d.jpg?v=1704978889,#4A0B0E
OPI,Nail Lacquer,NLH39,It's a Girl!,Classics,https://www.opi.com/en-GB/products/nail-lacquer-its-a-girl,https://cdn.shopify.com/s/files/1/0656/5547/2343/files/its-a-girl-brush-swatch_3f86112e-11bd-4d2b-826f-4c2ec3b46450.jpg?v=1704978896,#F9C5CA
OPI,Nail Lacquer,NLT75,It’s a Boy!,Classics,https://www.opi.com/en-GB/products/nail-lacquer-its-a-boy,https://cdn.shopify.com/s/files/1/0656/5547/2343/files/its-a-boy-brush-swatch_738d7553-d725-439c-920d-5e2306083275.jpg?v=1704978897,#DCEBEE
OPI,Nail Lacquer,NLH72,Just Lanai-ing Around,Classics,https://www.opi.com/en-GB/products/nail-lacquer-just-lanai-ing-around,https://cdn.shopify.com/s/files/1/0656/5547/2343/files/just-lanai-ing-around-brush-swatch_aa2d2970-69f3-43f9-9dd7-f1cddfb6aea7.jpg?v=1704978899,#BB597E
OPI,Nail Lacquer,NLL03,Kyoto Pearl,Classics,https://www.opi.com/en-GB/products/nail-lacquer-kyoto-pearl,https://cdn.shopify.com/s/files/1/0656/5547/2343/files/kyoto-pearl-brush-swatch_5d932f84-c47d-4d37-a676-dc151231ee70.jpg?v=1704978898,#E0DCDA
OPI,Nail Lacquer,NLA20,La Paz-itively Hot,Classics,https://www.opi.com/en-GB/products/nail-lacquer-la-paz-itively-hot,https://cdn.shopify.com/s/files/1/0656/5547/2343/files/la-paz-itively-hot-brush-swatch_b6e8b3fd-b37e-4cfd-bc3f-0947f03802ad.jpg?v=1704978906,#D80F74
OPI,Nail Lacquer,NLW42,Lincoln Park After Dark®,Classics,https://www.opi.com/en-GB/products/nail-lacquer-lincoln-park-after-dark,https://cdn.shopify.com/s/files/1/0656/5547/2343/files/lincoln-park-after-dark-brush-swatch_e45a6d9c-844d-4871-a671-8318f98d01c4.jpg?v=1704978957,#050002
OPI,Nail Lacquer,NLA69,Live.Love.Carnaval,Classics,https://www.opi.com/en-GB/products/nail-lacquer-livelovecarnaval,https://cdn.shopify.com/s/files/1/0656/5547/2343/files/live-love-carnaval-brush-swatch_7c756fe1-03ac-4a65-bbee-115014683828.jpg?v=1704978961,#FD564F
OPI,Nail Lacquer,NLL87,Malaga Wine,Classics,https://www.opi.com/en-GB/products/nail-lacquer-malaga-wine,https://cdn.shopify.com/s/files/1/0656/5547/2343/files/malaga-wine-brush-swatch_49e7e076-1eb1-4662-bc7d-2e06f01be000.jpg?v=1704978960,#550113
OPI,Nail Lacquer,NLB78,Miami Beet,Classics,https://www.opi.com/en-GB/products/nail-lacquer-miami-beet,https://cdn.shopify.com/s/files/1/0656/5547/2343/files/miami-beet-brush-swatch_a5e14bd9-13cc-4984-93ce-2cb84487131a.jpg?v=1712955581,#72091B
OPI,Nail Lacquer,NLR41,Mimosas for Mr. & Mrs.,Classics,https://www.opi.com/en-GB/products/nail-lacquer-mimosas-for-mr-mrs,https://cdn.shopify.com/s/files/1/0656/5547/2343/files/mimosas-for-mrand-mrs-brush-swatch_1b398765-70d2-4563-a894-c53c70060711.jpg?v=1712955611,#F1DCD8
OPI,Nail Lacquer,NLB56,Mod About You,Classics,https://www.opi.com/en-GB/products/nail-lacquer-mod-about-you,https://cdn.shopify.com/s/files/1/0656/5547/2343/files/mod-about-you-brush-swatch_544fc4d2-993b-458b-aa3b-8e6f19a64e42.jpg?v=1713777634,#F3D0D6
OPI,Nail Lacquer,NLM21,My Chihuahua Bites!,Classics,https://www.opi.com/en-GB/products/nail-lacquer-my-chihuahua-bites,https://cdn.shopify.com/s/files/1/0656/5547/2343/files/my-chihuahua-bites-brush-swatch_98a3e6d6-bca0-40d8-9536-995d97dc0ccb.jpg?v=1704978992,#EC043E
OPI,Nail Lacquer,NLN45,My Dogsled is a Hybrid,Classics,https://www.opi.com/en-GB/products/nail-lacquer-my-dogsled-is-a-hybrid,https://cdn.shopify.com/s/files/1/0656/5547/2343/files/my-dogsled-is-a-hybrid-brush-swatch_85ce378b-cab5-44c2-9d99-d61c4a9ed93e.jpg?v=1704978995,#3FB3A5
OPI,Nail Lacquer,NLB59,My Private Jet,Classics,https://www.opi.com/en-GB/products/nail-lacquer-my-private-jet,https://cdn.shopify.com/s/files/1/0656/5547/2343/files/my-private-jet-brush-swatch_30f09ce9-29bb-41f8-8305-13a680fe4029.jpg?v=1704978995,#483334
OPI,Nail Lacquer,NLG20,My Very First Knockwurst,Classics,https://www.opi.com/en-GB/products/nail-lacquer-my-very-first-knockwurst,https://cdn.shopify.com/s/files/1/0656/5547/2343/files/my-very-first-knockwurst-brush-swatch_3ed375da-6e7b-41a0-980f-b4a29919c1d6.jpg?v=1704978997,#E1C6C1
OPI,Nail Lacquer,NLS45,Not So Bora-Bora-ing Pink,Classics,https://www.opi.com/en-GB/products/nail-lacquer-not-so-bora-bora-ing-pink,https://cdn.shopify.com/s/files/1/0656/5547/2343/files/not-so-bora-bora-ing-pink-brush-swatch_f5c6f1ea-97d6-42ff-94c8-bbf4af7fc813.jpg?v=1712565451,#BB5971
OPI,Nail Lacquer,NLV35,O Suzi Mio,Classics,https://www.opi.com/en-GB/products/nail-lacquer-o-suzi-mio,https://cdn.shopify.com/s/files/1/0656/5547/2343/files/o-suzi-mio-brush-swatch_8c15746d-1d56-413d-a2b4-ead0da5c5f15.jpg?v=1704979035,#230020
OPI,Nail Lacquer,NLL72,OPI Red,Classics,https://www.opi.com/en-GB/products/nail-lacquer-opi-red,https://cdn.shopify.com/s/files/1/0656/5547/2343/files/opi-red-brush-swatch_a1f17464-8671-405d-bf8e-1668d4b008af.jpg?v=1704979035,#70040B
OPI,Nail Lacquer,NLB85,Over the Taupe,Classics,https://www.opi.com/en-GB/products/nail-lacquer-over-the-taupe,https://cdn.shopify.com/s/files/1/0656/5547/2343/files/over-the-taupe-brush-swatch_51280e65-a699-497d-bbfa-459add418f7d.jpg?v=1704979035,#947970
OPI,Nail Lacquer,NLH19,Passion,Classics,https://www.opi.com/en-GB/products/nail-lacquer-passion,https://cdn.shopify.com/s/files/1/0656/5547/2343/files/passion-brush-swatch_d5fcff49-d6b5-4d5a-bfda-c2a487e4d99f.jpg?v=1704979035,#EEBAB5
OPI,Nail Lacquer,NLE44,Pink Flamenco,Classics,https://www.opi.com/en-GB/products/nail-lacquer-pink-flamenco,https://cdn.shopify.com/s/files/1/0656/5547/2343/files/pink-flamenco-brush-swatch_68d40a26-ffde-4645-9905-9a978551a1e3.jpg?v=1704979056,#CD1757
OPI,Nail Lacquer,NLC09,Pompeii Purple,Classics,https://www.opi.com/en-GB/products/nail-lacquer-pompeii-purple,https://cdn.shopify.com/s/files/1/0656/5547/2343/files/pompeii-purple-brush-swatch_94bd3fae-96d0-45b9-a359-09717914120d.jpg?v=1704979066,#C20447
OPI,Nail Lacquer,NLR44,Princesses Rule!®,Classics,https://www.opi.com/en-GB/products/nail-lacquer-princesses-rule,https://cdn.shopify.com/s/files/1/0656/5547/2343/files/princesses-rule-brush-swatch_f1bc7117-1eb7-4e95-a0ee-15d22676920f.jpg?v=1704979067,#FCA1AB
OPI,Nail Lacquer,NLB30,Purple With a Purpose,Classics,https://www.opi.com/en-GB/products/nail-lacquer-purple-with-a-purpose,https://cdn.shopify.com/s/files/1/0656/5547/2343/files/purple-with-a-purpose-brush-swatch_f030dcb8-c34b-43a9-bb3a-e163e8c12424.jpg?v=1704979070,#532974
OPI,Nail Lacquer,NLT65,Put it in Neutral,Classics,https://www.opi.com/en-GB/products/nail-lacquer-put-it-in-neutral,https://cdn.shopify.com/s/files/1/0656/5547/2343/files/put-it-in-neutral-brush-swatch_93bcf7a8-88e1-4879-a183-0715fc32ec0b.jpg?v=1704979073,#F0CFC9
OPI,Nail Lacquer,NLA70,Red Hot Rio,Classics,https://www.opi.com/en-GB/products/nail-lacquer-red-hot-rio,https://cdn.shopify.com/s/files/1/0656/5547/2343/files/red-hot-rio-brush-swatch_e202ddde-ec29-43a5-a8ba-f55f13ff48d7.jpg?v=1704979129,#94191E
OPI,Nail Lacquer,NLS79,Rosy Future,Classics,https://www.opi.com/en-GB/products/nail-lacquer-rosy-future,https://cdn.shopify.com/s/files/1/0656/5547/2343/files/rosy-future-brush-swatch_6a7f2276-b492-42da-96dd-043b83c34f7c.jpg?v=1712956386,#FCCBC8
OPI,Nail Lacquer,NLP61,Samoan Sand,Classics,https://www.opi.com/en-GB/products/nail-lacquer-samoan-sand,https://cdn.shopify.com/s/files/1/0656/5547/2343/files/samoan-sand-brush-swatch_19423512-983b-4e20-b225-450646a66f38.jpg?v=1704979133,#E1C0AB
OPI,Nail Lacquer,NLB86,Shorts Story,Classics,https://www.opi.com/en-GB/products/nail-lacquer-shorts-story,https://cdn.shopify.com/s/files/1/0656/5547/2343/files/shorts-story-brush-swatch_4b7b07d3-86a3-4362-87a8-c174db9ae998.jpg?v=1712956461,#EA4E8F
OPI,Nail Lacquer,NLM23,Strawberry Margarita,Classics,https://www.opi.com/en-GB/products/nail-lacquer-strawberry-margarita,https://cdn.shopify.com/s/files/1/0656/5547/2343/files/strawberry-margarita-brush-swatch_4f7835ba-760a-4c93-93f8-2da7d1765ac7.jpg?v=1704979207,#FE4D6C
OPI,Nail Lacquer,NLS96,Sweet Heart,Classics,https://www.opi.com/en-GB/products/nail-lacquer-sweet-heart,https://cdn.shopify.com/s/files/1/0656/5547/2343/files/sweet-heart-brush-swatch_487de502-bba6-43b4-9024-3c915f005788.jpg?v=1704979222,#FAE4E0
OPI,Nail Lacquer,NLA61,Taupe-less Beach,Classics,https://www.opi.com/en-GB/products/nail-lacquer-taupe-less-beach,https://cdn.shopify.com/s/files/1/0656/5547/2343/files/taupe-less-beach-brush-swatch_8680c719-8aff-49af-b622-4b5a280e69d4.jpg?v=1704979224,#A295A0
OPI,Nail Lacquer,NLH65,That's Hula-rious!,Classics,https://www.opi.com/en-GB/products/nail-lacquer-thats-hula-rious,https://cdn.shopify.com/s/files/1/0656/5547/2343/files/thats-hula-rious-brush-swatch_76add295-d2b8-4a04-9dc4-b5a48cec1373.jpg?v=1704979267,#C7D7C2
OPI,Nail Lacquer,NLA16,The Thrill of Brazil,Classics,https://www.opi.com/en-GB/products/nail-lacquer-the-thrill-of-brazil,https://cdn.shopify.com/s/files/1/0656/5547/2343/files/the-thrill-of-brazil-brush-swatch_1a3406ed-21ef-408e-ac92-4fb16efba33f.jpg?v=1712956624,#940319
OPI,Nail Lacquer,NLH74,This Color's Making Waves,Classics,https://www.opi.com/en-GB/products/nail-lacquer-this-colors-making-waves,https://cdn.shopify.com/s/files/1/0656/5547/2343/files/this-colors-making-waves-nlh74-nail-lacquer-22000354874_48d315f7-6acb-43b3-b6dd-9cbe9e94fe9f.jpg?v=1704979271,#2B4B4E
OPI,Nail Lacquer,NLF16,Tickle My France-y,Classics,https://www.opi.com/en-GB/products/nail-lacquer-tickle-my-france-y,https://cdn.shopify.com/s/files/1/0656/5547/2343/files/tickle-my-france-y-brush-swatch_9b290936-b269-4f3a-885a-3fbbb319ba7b.jpg?v=1704979275,#C49496
OPI,Nail Lacquer,NLV27,Worth a Pretty Penne,Classics,https://www.opi.com/en-GB/products/nail-lacquer-worth-a-pretty-penne,https://cdn.shopify.com/s/files/1/0656/5547/2343/files/worth-a-pretty-penne-brush-swatch_610bbf4d-eefc-4ba1-b046-ca57903611ef.jpg?v=1704979277,#BE6E64
OPI,Nail Lacquer,NLF15,You Don't Know Jacques!,Classics,https://www.opi.com/en-GB/products/nail-lacquer-you-dont-know-jacques,https://cdn.shopify.com/s/files/1/0656/5547/2343/files/you-dont-know-jacques-brush-swatch_1b864020-68a2-4d2f-bcec-8cde373c5af3.jpg?v=1704979333,#482D31
OPI,Nail Lacquer,NLE74,You’re Such a BudaPest,Classics,https://www.opi.com/en-GB/products/nail-lacquer-youre-such-a-budapest,https://cdn.shopify.com/s/files/1/0656/5547/2343/files/youre-such-a-budapest-brush-swatch_8e72d4a5-ef38-4e0c-956c-ea68cd362192.jpg?v=1712956724,#BDBBE1
OPI,Nail Lacquer,NAT012,A Bloom with a View,Nature Strong,https://www.opi.com/en-GB/products/natural-origin-nail-lacquer-a-bloom-with-a-view,https://cdn.shopify.com/s/files/1/0656/5547/2343/files/a-bloom-with-a-view-brush-swatch_3c7a2b14-0a80-4248-b634-aef67d985093.jpg?v=1712566416,#9A0A35
OPI,Nail Lacquer,NAT002,A Clay in the Life,Nature Strong,https://www.opi.com/en-GB/products/natural-origin-nail-lacquer-a-clay-in-the-life,https://cdn.shopify.com/s/files/1/0656/5547/2343/files/a-clay-in-the-life-brush-swatch_47512951-3033-4f0b-a817-9c09a0642891.jpg?v=1712565839,#F2CBC0
OPI,Nail Lacquer,NAT024,Achieve Grapeness,Nature Strong,https://www.opi.com/en-GB/products/natural-origin-nail-lacquer-achieve-grapeness,https://cdn.shopify.com/s/files/1/0656/5547/2343/files/achieve-grapeness-brush-swatch_f80f49c7-99f1-493f-bd1b-eca7a388fb5b.jpg?v=1704979334,#77408D
OPI,Nail Lacquer,NAT010,Big Bloom Energy,Nature Strong,https://www.opi.com/en-GB/products/natural-origin-nail-lacquer-big-bloom-energy,https://cdn.shopify.com/s/files/1/0656/5547/2343/files/big-bloom-energy-brush-swatch_efb6b6d5-2481-4a32-9947-42e5b0c82842.jpg?v=1704979393,#F25F77
OPI,Nail Lacquer,NAT018,All Heal Queen Mother Earth,Nature Strong,https://www.opi.com/en-GB/products/natural-origin-nail-lacquer-all-heal-queen-mother-earth,https://cdn.shopify.com/s/files/1/0656/5547/2343/files/all-heal-queen-mother-earth-brush-swatch_b9b0eb08-1c11-4424-a307-fd8bebcd3ec4.jpg?v=1704979393,#025167
OPI,Nail Lacquer,NAT017,Cactus What You Preach,Nature Strong,https://www.opi.com/en-GB/products/natural-origin-nail-lacquer-cactus-what-you-preach,https://cdn.shopify.com/s/files/1/0656/5547/2343/files/cactus-what-you-preach-brush-swatch_c532f628-1d1f-474a-b644-b4781ccc0f2e.jpg?v=1712565623,#87D0C9
OPI,Nail Lacquer,NAT027,Dawn of a New Gray,Nature Strong,https://www.opi.com/en-GB/products/natural-origin-nail-lacquer-dawn-of-a-new-grey,https://cdn.shopify.com/s/files/1/0656/5547/2343/files/dawn-of-a-new-gray-brush-swatch_1bd439bd-374c-4398-9540-354306f1d4b4.jpg?v=1704979392,#B8B7B5
OPI,Nail Lacquer,NAT023,Eco-Maniac,Nature Strong,https://www.opi.com/en-GB/products/natural-origin-nail-lacquer-eco-maniac,https://cdn.shopify.com/s/files/1/0656/5547/2343/files/eco-maniac-brush-swatch_82e6abfe-00da-4324-9480-df97c953eeab.jpg?v=1713778023,#553850
OPI,Nail Lacquer,NAT007,For What It’s Earth,Nature Strong,https://www.opi.com/en-GB/products/natural-origin-nail-lacquer-for-what-its-earth,https://cdn.shopify.com/s/files/1/0656/5547/2343/files/for-what-its-earth-brush-swatch_10fd4893-4a39-4fd6-aa79-a7f242169c86.jpg?v=1713778141,#C9818D
OPI,Nail Lacquer,NAT006,Emflowered,Nature Strong,https://www.opi.com/en-GB/products/natural-origin-nail-lacquer-emflowered,https://cdn.shopify.com/s/files/1/0656/5547/2343/files/emflowered-brush-swatch_e04a341a-d10f-436a-a4b9-d19669b6c494.jpg?v=1713778191,#F38ECD
OPI,Nail Lacquer,NAT020,Force of Nailture,Nature Strong,https://www.opi.com/en-GB/products/natural-origin-nail-lacquer-force-of-nailture,https://cdn.shopify.com/s/files/1/0656/5547/2343/files/force-of-nailture-brush-swatch_b44e245f-f55a-4297-b978-dff2ad553008.jpg?v=1713778168,#3D4353
OPI,Nail Lacquer,NAT014,Give a Garnet,Nature Strong,https://www.opi.com/en-GB/products/natural-origin-nail-lacquer-give-a-garnet,https://cdn.shopify.com/s/files/1/0656/5547/2343/files/give-a-garnet-brush-swatch_86a2927a-7563-49ee-b2d9-e3431bb973f4.jpg?v=1704979394,#932B42
OPI,Nail Lacquer,NAT015,Intentions are Rose Gold,Nature Strong,https://www.opi.com/en-GB/products/natural-origin-nail-lacquer-intentions-are-rose-gold,https://cdn.shopify.com/s/files/1/0656/5547/2343/files/intentions-are-rose-gold-brush-swatch_71041820-e9a5-4ccf-b2d7-4bc0019de956.jpg?v=1704979397,#B78681
OPI,Nail Lacquer,NAT009,Knowledge is Flower,Nature Strong,https://www.opi.com/en-GB/products/natural-origin-nail-lacquer-knowledge-is-flower,https://cdn.shopify.com/s/files/1/0656/5547/2343/files/knowledge-is-flower-brush-swatch_d7b14b79-ff4f-4ca9-a532-58206a29e707.jpg?v=1713778270,#C27690
OPI,Nail Lacquer,NAT003,Let Nature Take Its Quartz,Nature Strong,https://www.opi.com/en-GB/products/natural-origin-nail-lacquer-let-nature-take-its-quartz,https://cdn.shopify.com/s/files/1/0656/5547/2343/files/let-nature-take-its-quartz-brush-swatch_dc713b2c-2c57-43e7-bac7-f82668b85664.jpg?v=1713778228,#EFC4C5
OPI,Nail Lacquer,NAT030,Make My Daisy,Nature Strong,https://www.opi.com/en-GB/products/natural-origin-nail-lacquer-make-my-daisy,https://cdn.shopify.com/s/files/1/0656/5547/2343/files/make-my-daisy-brush-swatch_4d165f09-085b-4466-8f35-3d9d0ec374a9.jpg?v=1704979403,#F3DC88
OPI,Nail Lacquer,NAT005,Natural Mauvement,Nature Strong,https://www.opi.com/en-GB/products/natural-origin-nail-lacquer-natural-mauvement,https://cdn.shopify.com/s/files/1/0656/5547/2343/files/natural-mauvement-brush-swatch_1b523caf-6551-4145-a7d5-e5a2338d1864.jpg?v=1704979472,#EAC3DD
OPI,Nail Lacquer,NAT011,Once and Floral,Nature Strong,https://www.opi.com/en-GB/products/natural-origin-nail-lacquer-once-and-floral,https://cdn.shopify.com/s/files/1/0656/5547/2343/files/once-and-floral-brush-swatch_9fa129fa-90bf-435c-896d-90fef11fa062.jpg?v=1713778211,#EA4E59
OPI,Nail Lacquer,NAT029,Onyx Skies,Nature Strong,https://www.opi.com/en-GB/products/natural-origin-nail-lacquer-onyx-skies,https://cdn.shopify.com/s/files/1/0656/5547/2343/files/onyx-skies-brush-swatch_ec18b66e-7ce1-45de-88ec-a1e4d87cf602.jpg?v=1704979474,#0F0F0F
OPI,Nail Lacquer,NAT016,Raindrop Expectations,Nature Strong,https://www.opi.com/en-GB/products/natural-origin-nail-lacquer-raindrop-expectations,https://cdn.shopify.com/s/files/1/0656/5547/2343/files/rain-drop-expectations-brush-swatch_0e746583-2ba8-409f-9bd4-789c54566292.jpg?v=1745922070,#DBE8EF
OPI,Nail Lacquer,NAT013,Raisin Your Voice,Nature Strong,https://www.opi.com/en-GB/products/natural-origin-nail-lacquer-raisin-your-voice,https://cdn.shopify.com/s/files/1/0656/5547/2343/files/raisin-your-voice-brush-swatch_3b41fc90-b228-4d62-8841-a59548d926f5.jpg?v=1745922086,#800D2A
OPI,Nail Lacquer,NAT028,Right as Rain,Nature Strong,https://www.opi.com/en-GB/products/natural-origin-nail-lacquer-right-as-rain,https://cdn.shopify.com/s/files/1/0656/5547/2343/files/right-as-rain-brush-swatch_d62649d7-dd0b-44ba-bc0b-c6b66f285a73.jpg?v=1704979474,#AB9FB0
OPI,Nail Lacquer,NAT019,Shore is Something!,Nature Strong,https://www.opi.com/en-GB/products/natural-origin-nail-lacquer-shore-is-something,https://cdn.shopify.com/s/files/1/0656/5547/2343/files/shore-is-something-brush-swatch_97ea4d13-4d0a-4c95-b502-188a56512627.jpg?v=1745922101,#19549D
OPI,Nail Lacquer,NAT008,Simply Radishing,Nature Strong,https://www.opi.com/en-GB/products/natural-origin-nail-lacquer-simply-radishing,https://cdn.shopify.com/s/files/1/0656/5547/2343/files/simply-radishing-brush-swatch_ca269efd-4d23-42aa-a04d-343a3a883db0.jpg?v=1704979480,#A86A80
OPI,Nail Lacquer,NAT021,Spring Into Action,Nature Strong,https://www.opi.com/en-GB/products/natural-origin-nail-lacquer-spring-into-action,https://cdn.shopify.com/s/files/1/0656/5547/2343/files/spring-into-action-brush-swatch_aee776cb-8fe3-4089-b360-c68d158d4e30.jpg?v=1713542345,#BAA8D5
OPI,Nail Lacquer,NAT001,Strong as Shell,Nature Strong,https://www.opi.com/en-GB/products/natural-origin-nail-lacquer-strong-as-shell,https://cdn.shopify.com/s/files/1/0656/5547/2343/files/strong-as-shell-brush-swatch_16c02fb4-2917-4215-91f5-1a91dfc791b2.jpg?v=1745922140,#ECEFF0
OPI,Nail Lacquer,NAT022,Thistle Make You Bloom,Nature Strong,https://www.opi.com/en-GB/products/natural-origin-nail-lacquer-thistle-make-you-bloom,https://cdn.shopify.com/s/files/1/0656/5547/2343/files/thistle-make-you-bloom-brush-swatch_a1185f04-17bf-417f-8f10-319a35a0b1b1.jpg?v=1745922156,#9A1B7E
OPI,Nail Lacquer,NAT004,We Canyon Do Better,Nature Strong,https://www.opi.com/en-GB/products/natural-origin-nail-lacquer-we-canyon-do-better,https://cdn.shopify.com/s/files/1/0656/5547/2343/files/we-canyon-do-better-brush-swatch_f08b2cf2-6c11-4704-9b07-2ab1b411015c.jpg?v=1713778319,#EBB5B5
OPI,Nail Lacquer,NAT032,Kind of a Twig Deal,Nature Strong,https://www.opi.com/en-GB/products/natural-origin-nail-lacquer-kind-of-a-twig-deal,https://cdn.shopify.com/s/files/1/0656/5547/2343/files/kind-of-a-twig-deal-brush-swatch_d6074e09-db20-46a7-81f5-784c9d33218c.jpg?v=1712957099,#CBA2A1
OPI,Nail Lacquer,NAT033,A Kick in the Bud,Nature Strong,https://www.opi.com/en-GB/products/natural-origin-nail-lacquer-a-kick-in-the-bud,https://cdn.shopify.com/s/files/1/0656/5547/2343/files/a-kick-in-the-bud-brush-swatch_2ded4d0c-5340-4815-aef1-2abf8c802e5a.jpg?v=1712567710,#D94C6E
OPI,Nail Lacquer,NAT034,Bee the Change,Nature Strong,https://www.opi.com/en-GB/products/natural-origin-nail-lacquer-bee-the-change,https://cdn.shopify.com/s/files/1/0656/5547/2343/files/bee-the-change-brush-swatch_134b0551-f5cc-445d-8666-938ed9701c7e.jpg?v=1712567673,#EE9640
OPI,Nail Lacquer,NAT035,Leaf by Example,Nature Strong,https://www.opi.com/en-GB/products/natural-origin-nail-lacquer-leaf-by-example,https://cdn.shopify.com/s/files/1/0656/5547/2343/files/leaf-by-example-brush-swatch_228e7a33-796e-41f0-8cbd-be701b69fc1f.jpg?v=1704979401,#043B34
OPI,Nail Lacquer,NAT038,Glowing Places,Nature Strong,https://www.opi.com/en-GB/products/natural-origin-nail-lacquer-glowing-places,https://cdn.shopify.com/s/files/1/0656/5547/2343/files/glowing-places-brush-swatch_0482e180-d1b2-4c3b-aa65-22e8147959f9.jpg?v=1712957029,#AFA292
OPI,Nail Lacquer,NLS63,Chicago Champaign Toast,Classics,https://www.opi.com/en-GB/products/nail-lacquer-chicago-champaign-toast,https://cdn.shopify.com/s/files/1/0656/5547/2343/files/chicago-champagne-toast-brush-swatch_dfe3572c-2795-4ca6-883c-22d2c93bcc6d.jpg?v=1704978639,#9B545A
OPI,Nail Lacquer,NLW53,CIA= COLOR IS AWESOME,Washington DC,https://www.opi.com/en-GB/products/nail-lacquer-cia-color-is-awesome,https://cdn.shopify.com/s/files/1/0656/5547/2343/files/cia-color-is-awesome-nlw53-nail-lacquer-22997103153_2b6ddb04-c275-415c-8d0e-937115dbd3da.jpg?v=1704978639,#1D3038
OPI,Nail Lacquer,NLF89,Coconuts Over OPI,Fiji,https://www.opi.com/en-GB/products/nail-lacquer-coconuts-over-opi,https://cdn.shopify.com/s/files/1/0656/5547/2343/files/coconuts-over-opi-brush-swatch_490b57b7-972c-4bca-837d-afb5bdc2a87f.jpg?v=1704978647,#CDB7AE
OPI,Nail Lacquer,NLF84,Do You Sea What I Sea?,Fiji,https://www.opi.com/en-GB/products/nail-lacquer-do-you-sea-what-i-sea,https://cdn.shopify.com/s/files/1/0656/5547/2343/files/do-you-sea-what-i-sea-brush-swatch_e97f640b-6989-4511-ab0b-e35c5be3e1b5.jpg?v=1704978707,#063E98
OPI,Nail Lacquer,NLT02-EU,Lady in Black,Classics,https://www.opi.com/en-GB/products/nail-lacquer-lady-in-black,https://cdn.shopify.com/s/files/1/0656/5547/2343/products/black-onyx-brush-swatch_6bb45ee8-aa68-4bae-b34c-96d7fa029c8a.jpg?v=1675945861,#0C0B0C
OPI,Nail Lacquer,NLF82,Getting Nadi On My Honeymoon,Fiji,https://www.opi.com/en-GB/products/nail-lacquer-getting-nadi-on-my-honeymoon,https://cdn.shopify.com/s/files/1/0656/5547/2343/files/getting-nadi-on-my-honeymoon-brush-swatch_1e3fd890-9224-4733-9e20-318f7f5a64e7.jpg?v=1704978750,#F3CED8
OPI,Nail Lacquer,NLI59,Less is Norse®,Iceland,https://www.opi.com/en-GB/products/nail-lacquer-less-is-norse,https://cdn.shopify.com/s/files/1/0656/5547/2343/files/less-is-norse-brush-swatch_c81938b5-aaf5-4f3a-9e8c-2603aa9140b2.jpg?v=1704978956,#383849
OPI,Nail Lacquer,NLP36,Machu Peachu,Peru,https://www.opi.com/en-GB/products/nail-lacquer-machu-peach-u,https://cdn.shopify.com/s/files/1/0656/5547/2343/files/machu-peach-u-brush-swatch_744cb430-d01a-4386-93e4-65c5bf50fa3e.jpg?v=1704978960,#F0B9AF
OPI,Nail Lacquer,NLW63,OPI by Popular Vote,Washington DC,https://www.opi.com/en-GB/products/nail-lacquer-opi-by-popular-vote,https://cdn.shopify.com/s/files/1/0656/5547/2343/files/opi-by-popular-vote-brush-swatch_21dadea8-b0e5-492e-9ccc-c613ac6724b4.jpg?v=1704979028,#C0163A
OPI,Nail Lacquer,NLP37,Somewhere Over the Rainbow Mountains,Peru,https://www.opi.com/en-GB/products/nail-lacquer-somewhere-over-the-rainbow-mountains,https://cdn.shopify.com/s/files/1/0656/5547/2343/files/somewhere-over-the-rainbow-mountains-brush-swatch_c41e7a1a-e48c-4483-97af-8cc347e84466.jpg?v=1712956603,#D69795
OPI,Nail Lacquer,NLW54,Stay Off the Lawn!,Washington DC,https://www.opi.com/en-GB/products/nail-lacquer-stay-off-the-lawn,https://cdn.shopify.com/s/files/1/0656/5547/2343/files/stay-off-the-lawn-brush-swatch_cf47a17a-e4eb-4578-8454-87e4388536c2.jpg?v=1704979204,#18402F
OPI,Nail Lacquer,NLW64,We the Female,Washington DC,https://www.opi.com/en-GB/products/nail-lacquer-we-the-female,https://cdn.shopify.com/s/files/1/0656/5547/2343/files/we-the-female-brush-swatch_dc8a03a1-ff18-4177-90bc-5dd3e9df4d0b.jpg?v=1704979273,#5E0A19
OPI,Nail Lacquer,NLD53,Suzi is My Avatar,Xbox,https://www.opi.com/en-GB/products/nail-lacquer-suzi-is-my-avatar,https://cdn.shopify.com/s/files/1/0656/5547/2343/files/suzi-is-my-avatar-brush-swatch_d25a3c50-3d98-43fe-93cb-3d313b60cfc4.jpg?v=1704979210,#FE8074
OPI,Nail Lacquer,NLG01,Aphrodite's Pink Nightie,Classics,https://www.opi.com/en-GB/products/nail-lacquer-aphrodites-pink-nightie,https://cdn.shopify.com/s/files/1/0656/5547/2343/files/aphrodites-pink-nightie-brush-swatch_1265cd18-cf7b-47a3-8c63-53aeb4b59d49.jpg?v=1704978585,#DFA3B7
OPI,Nail Lacquer,NLS044,Welcome to Your Whirl | Shimmer,OPI'm Dreaming,https://www.opi.com/en-GB/products/nail-lacquer-welcome-to-your-whirl,https://cdn.shopify.com/s/files/1/0656/5547/2343/files/sp25_ecommerce_jpg_welcome_to_your_whirl_swatch_e80e6d51-e1f6-4f89-8b9e-f60324582545.jpg?v=1739447715,#CDCAD1
OPI,Nail Lacquer,NLS042,Air We Go | Blue,OPI'm Dreaming,https://www.opi.com/en-GB/products/nail-lacquer-air-we-go,https://cdn.shopify.com/s/files/1/0656/5547/2343/files/sp25_ecommerce_jpg_air_we_go_swatch_de74bdb1-b176-4b07-a40a-a706de9f1a0d.jpg?v=1739447714,#BCC9D4
OPI,Nail Lacquer,NLS038,"Mirror, Mirror on the Awe | Sheer",OPI'm Dreaming,https://www.opi.com/en-GB/products/nail-lacquer-mirror-mirror-on-the-awe,https://cdn.shopify.com/s/files/1/0656/5547/2343/files/sp25_ecommerce_jpg_mirror_mirror_on_the_awe_swatch_95a7802e-8bc2-4977-9160-c04b1bd64642.jpg?v=1739447715,#DDC5BA
OPI,Nail Lacquer,NLS040,Beauty School Popout | Orange,OPI'm Dreaming,https://www.opi.com/en-GB/products/nail-lacquer-beauty-school-popout,https://cdn.shopify.com/s/files/1/0656/5547/2343/files/sp25_ecommerce_jpg_beauty_school_popout_swatch_53a1fd5a-50d6-474c-a69f-63ef1506862e.jpg?v=1739447716,#E9AB72
OPI,Nail Lacquer,NLS056,Daffodil Duck Walk | Yellow,Make 'Em Jelly!,https://www.opi.com/en-GB/products/nail-lacquer-daffodil-duck-walk,https://cdn.shopify.com/s/files/1/0656/5547/2343/files/daffodil_duck_walk_swatch_17ff9e54-6306-40c8-a429-63b2fced974a.jpg?v=1744642962,#FEDF71
OPI,Nail Lacquer,NLS051,Cotton Candied Clawz | Pink,Make 'Em Jelly!,https://www.opi.com/en-GB/products/nail-lacquer-cotton-candied-clawz,https://cdn.shopify.com/s/files/1/0656/5547/2343/files/cotton_candied_clawz_swatch_b80a31dd-cbe8-4fb6-926e-5021748dd757.jpg?v=1744642962,#FEC0BF
OPI,Nail Lacquer,NLS058,Blue Them All Away | Blue,Make 'Em Jelly!,https://www.opi.com/en-GB/products/nail-lacquer-blue-them-all-away,https://cdn.shopify.com/s/files/1/0656/5547/2343/files/blue_them_all_away_swatch_d3bd7b96-2166-4f26-ad56-b38b9779cf4f.jpg?v=1744642961,#789FDB
OPI,Nail Lacquer,NLS055,Prideful Peach | Orange,Make 'Em Jelly!,https://www.opi.com/en-GB/products/nail-lacquer-prideful-peach,https://cdn.shopify.com/s/files/1/0656/5547/2343/files/prideful_peach_swatch_4b49362d-2950-498a-b549-f9f7cf927d39.jpg?v=1744642962,#FEA176
OPI,Nail Lacquer,NLS050,"Baby, Pink Again | Pink",Make 'Em Jelly!,https://www.opi.com/en-GB/products/nail-lacquer-baby-pink-again,https://cdn.shopify.com/s/files/1/0656/5547/2343/files/baby_pink_again_swatch_bf2c85d1-c61b-452c-a105-8e50ff78014f.jpg?v=1744642963,#FDCFC4
OPI,Nail Lacquer,NLS060,Vogue en Violet | Purple,Make 'Em Jelly!,https://www.opi.com/en-GB/products/nail-lacquer-vogue-en-violet,https://cdn.shopify.com/s/files/1/0656/5547/2343/files/vogue_en_violet_swatch_274aaca8-104d-4ef8-b70d-a199422539aa.jpg?v=1744642962,#BC7BA6
OPI,Nail Lacquer,NLS053,Make ‘Em Jelly | Orange,Make 'Em Jelly!,https://www.opi.com/en-GB/products/nail-lacquer-make-em-jelly,https://cdn.shopify.com/s/files/1/0656/5547/2343/files/make_em_jelly_swatch_32defe14-96d3-4d02-920f-78968935bd7f.jpg?v=1744642962,#FE684B
OPI,Nail Lacquer,NAT048,Make My Bark on the World | Brown Vegan,Nature Strong,https://www.opi.com/en-GB/products/nature-strong-vegan-nail-lacquer-make-my-bark-on-the-world,https://cdn.shopify.com/s/files/1/0656/5547/2343/files/make_my_bark_on_the_world_swatch_fc6d1eda-652c-4911-a408-b11c02b5ba93.jpg?v=1749634057,#774C3B
OPI,Nail Lacquer,NAT047,Rooting For Hue | Brown Vegan,Nature Strong,https://www.opi.com/en-GB/products/nature-strong-vegan-nail-lacquer-rooting-for-hue,https://cdn.shopify.com/s/files/1/0656/5547/2343/files/rooting_for_hue_swatch.jpg?v=1749634056,#BF8673
OPI,Nail Lacquer,NAT044,Fresh as a Blue Daisy | Blue Vegan,Nature Strong,https://www.opi.com/en-GB/products/nature-strong-vegan-nail-lacquer-fresh-as-a-blue-daisy,https://cdn.shopify.com/s/files/1/0656/5547/2343/files/fresh_as_a_blue_daisy_swatch.jpg?v=1749634057,#0085CB
OPI,Nail Lacquer,NAT043,Blossom Into Awesome | Pink Vegan,Nature Strong,https://www.opi.com/en-GB/products/nature-strong-vegan-nail-lacquer-blossom-into-awesome,https://cdn.shopify.com/s/files/1/0656/5547/2343/files/blossom_into_awesome_swatch.jpg?v=1749634055,#F9C4CE
OPI,Nail Lacquer,NAT049,Berry Pickin’ Season | Red Vegan,Nature Strong,https://www.opi.com/en-GB/products/nature-strong-vegan-nail-lacquer-berry-pickin-season,https://cdn.shopify.com/s/files/1/0656/5547/2343/files/berry_pickin_season_swatch.jpg?v=1749634055,#DD0146
OPI,Nail Lacquer,NAT042,Cauliflower Power | White Vegan,Nature Strong,https://www.opi.com/en-GB/products/nature-strong-vegan-nail-lacquer-cauliflower-power,https://cdn.shopify.com/s/files/1/0656/5547/2343/files/cauliflower_power_swatch.jpg?v=1749634055,#F1EADA
OPI,Nail Lacquer,NAT046,Sage It for Later | Green Vegan,Nature Strong,https://www.opi.com/en-GB/products/nature-strong-vegan-nail-lacquer-sage-it-for-later,https://cdn.shopify.com/s/files/1/0656/5547/2343/files/sage_it_for_later_swatch_399b19fc-a69c-42f6-a066-0e2041052051.jpg?v=1749634056,#C3D3B8
OPI,Nail Lacquer,NAT045,Give Me Some Suga Cane | Green Vegan,Nature Strong,https://www.opi.com/en-GB/products/nature-strong-vegan-nail-lacquer-give-me-some-suga-cane,https://cdn.shopify.com/s/files/1/0656/5547/2343/files/give_me_some_suga_cane_swatch.jpg?v=1749634056,#DAD459
OPI,Nail Lacquer,NLF034,Totally Red-ical | Red,What's Your Mani-tude?,https://www.opi.com/en-GB/products/nail-lacquer-totally-red-ical,https://cdn.shopify.com/s/files/1/0656/5547/2343/files/totally_red-ical_swatch.jpg?v=1752490104,#CD3B24
OPI,Nail Lacquer,HRS09,Butter Me Up Toffee | Rose Gold,Good Enough to Treat,https://www.opi.com/en-GB/products/nail-lacquer-butter-me-up-toffee,https://cdn.shopify.com/s/files/1/0656/5547/2343/files/butter_me_up_toffee_swatch.jpg?v=1757588315,#C05E5B
OPI,Infinite Shine,ISLL00,Alpine Snow®,Infinite Shine,https://www.opi.com/en-GB/products/infinite-shine-alpine-snow,https://cdn.shopify.com/s/files/1/0656/5547/2343/files/alpine_snow_formula_swatch_2000x2477_435563d4-6da5-4daf-93a6-5a4d2a703cf9.jpg?v=1711958952,#E7E7E7
OPI,Infinite Shine,ISLE41,Barefoot in Barcelona,Infinite Shine,https://www.opi.com/en-GB/products/infinite-shine-barefoot-in-barcelona,https://cdn.shopify.com/s/files/1/0656/5547/2343/files/barefoot_in_barcelona_formula_swatch_2000x2477_31d741d9-58cf-4699-9e57-832195d954c0.jpg?v=1711958952,#C18A7D
OPI,Infinite Shine,ISLN25,Big Apple Red®,Infinite Shine,https://www.opi.com/en-GB/products/infinite-shine-big-apple-red,https://cdn.shopify.com/s/files/1/0656/5547/2343/files/big_apple_red_formula_swatch_2000x2477_da06f0b2-7c49-4aa8-86db-c9db9f2c1ae7.jpg?v=1711958952,#A41C23
OPI,Infinite Shine,ISLS63,Chicago Champaign Toast,Infinite Shine,https://www.opi.com/en-GB/products/infinite-shine-chicago-champaign-toast,https://cdn.shopify.com/s/files/1/0656/5547/2343/files/chicago_champaign_toast_formula_swatch_2000x2477_071ce6af-7b06-4f2b-aa9c-d3d0adb380f1.jpg?v=1711706566,#B26F7A
OPI,Infinite Shine,ISLA60,Don't Bossa Nova Me Around®,Infinite Shine,https://www.opi.com/en-GB/products/infinite-shine-dont-bossa-nova-me-around,https://cdn.shopify.com/s/files/1/0656/5547/2343/files/dont_bossa_nova_me_around_formula_swatch_2000x2477_d1ec0307-8cee-47c5-8a79-01830c94a725.jpg?v=1711958952,#B69AA0
OPI,Infinite Shine,ISLL60,Dutch Tulips,Infinite Shine,https://www.opi.com/en-GB/products/infinite-shine-dutch-tulips,https://cdn.shopify.com/s/files/1/0656/5547/2343/files/dutch_tulips_formula_swatch_2000x2477_ac715f4e-0340-460c-8872-44bb16bfea71.jpg?v=1711707721,#B91835
OPI,Infinite Shine,ISLH22,Funny Bunny®,Infinite Shine,https://www.opi.com/en-GB/products/infinite-shine-funny-bunny,https://cdn.shopify.com/s/files/1/0656/5547/2343/files/funny_bunny_formula_swatch_2000x2477_fe9aa82c-060f-4946-978b-ca48f3ae5db2.jpg?v=1711958951,#DFDFDF
OPI,Infinite Shine,ISLH08,I'm Not Really a Waitress®,Infinite Shine Iconic Shades,https://www.opi.com/en-GB/products/infinite-shine-im-not-really-a-waitress,https://cdn.shopify.com/s/files/1/0656/5547/2343/files/im_not_really_a_waitress_formula_swatch_2000x2477_1dfddb9c-6b2d-426d-aa11-093bb11c7c9a.jpg?v=1711794271,#6D0B1E
OPI,Infinite Shine,ISL29,It Never Ends,Infinite Shine,https://www.opi.com/en-GB/products/infinite-shine-it-never-ends,https://cdn.shopify.com/s/files/1/0656/5547/2343/files/it_never_ends_formula_swatch_2000x2477_b2d444e4-5389-42ee-9f62-ff4c0bec0edc.jpg?v=1711958951,#A9847B
OPI,Infinite Shine,ISLH39,It's a Girl!,Infinite Shine Iconic Shades,https://www.opi.com/en-GB/products/infinite-shine-its-a-girl,https://cdn.shopify.com/s/files/1/0656/5547/2343/files/its_a_girl_formula_swatch_2000x2477_523b60fc-98ad-450f-823e-1614bc4739a4.jpg?v=1711640518,#E8BDCE
OPI,Infinite Shine,ISLW42,Lincoln Park After Dark®,Infinite Shine,https://www.opi.com/en-GB/products/infinite-shine-lincoln-park-after-dark,https://cdn.shopify.com/s/files/1/0656/5547/2343/files/lincoln_park_after_dark_formula_swatch_2000x2477_a51fb0c0-2768-4652-910e-7038512cb4fc.jpg?v=1711958953,#241729
OPI,Infinite Shine,ISLL87,Malaga Wine,Infinite Shine Iconic Shades,https://www.opi.com/en-GB/products/infinite-shine-malaga-wine,https://cdn.shopify.com/s/files/1/0656/5547/2343/files/malaga_wine_formula_swatch_2000x2477_c7820756-09c7-412d-8b7d-d93bed5f73cb.jpg?v=1711793468,#630116
OPI,Infinite Shine,ISLB59,My Private Jet,Infinite Shine Iconic Shades,https://www.opi.com/en-GB/products/infinite-shine-my-private-jet,https://cdn.shopify.com/s/files/1/0656/5547/2343/files/my_private_jet_formula_swatch_2000x2477_0652194a-c96f-415d-92c0-8fe4ff92d147.jpg?v=1711644299,#3D2B24
OPI,Infinite Shine,ISLH19,Passion,Infinite Shine,https://www.opi.com/en-GB/products/infinite-shine-passion,https://cdn.shopify.com/s/files/1/0656/5547/2343/files/passion_formula_swatch_2000x2477_9134b112-eaa8-478a-87cc-79992ada4906.jpg?v=1711958952,#EDBEB8
OPI,Infinite Shine,ISLC09,Pompeii Purple,Infinite Shine,https://www.opi.com/en-GB/products/infinite-shine-pompeii-purple,https://cdn.shopify.com/s/files/1/0656/5547/2343/files/pompeii_purple_formula_swatch_2000x2477_b0d1db46-d151-4154-89b1-c894e9c7a123.jpg?v=1711958954,#B70545
OPI,Infinite Shine,ISL01,Pretty Pink Perseveres,Infinite Shine,https://www.opi.com/en-GB/products/infinite-shine-pretty-pink-perseveres,https://cdn.shopify.com/s/files/1/0656/5547/2343/files/pretty_pink_persevere_formula_swatch_2000x2477_6c2c94a3-4382-42cb-883f-087ab92ce61e.jpg?v=1711958952,#EDBCBF
OPI,Infinite Shine,ISLR44,Princesses Rule!®,Infinite Shine,https://www.opi.com/en-GB/products/infinite-shine-princesses-rule,https://cdn.shopify.com/s/files/1/0656/5547/2343/files/princesses_rule_formula_swatch_2000x2477_312c862f-fb32-4693-a513-82f9345ed271.jpg?v=1711958951,#E98B99
OPI,Infinite Shine,ISL14,Raisin’ The Bar,Infinite Shine,https://www.opi.com/en-GB/products/infinite-shine-raisin-the-bar,https://cdn.shopify.com/s/files/1/0656/5547/2343/files/raisin_the_bar_formula_swatch_2000x2477_ce3aec66-8f59-4f1f-817d-40a912ec964d.jpg?v=1711958952,#380109
OPI,Infinite Shine,ISLM23,Strawberry Margarita,Infinite Shine,https://www.opi.com/en-GB/products/infinite-shine-strawberry-margarita,https://cdn.shopify.com/s/files/1/0656/5547/2343/files/strawberry_margarita_formula_swatch_2000x2477_ee70cd6b-e52a-4fd7-9c9a-40f688842f40.jpg?v=1711958953,#D12550
OPI,Infinite Shine,ISP07,Infinite Shine - Base & Top Duo Pack,,https://www.opi.com/en-GB/products/infinite-shine-infinite-shinestay-duo-pack,https://cdn.shopify.com/s/files/1/0656/5547/2343/files/prostay-gloss-brush-swatch_5b88840a-41d4-447e-bc12-80ff1702dfb6.jpg?v=1711637140,#EFEFEF
OPI,Infinite Shine,ISLI59,Less is Norse®,Infinite Shine,https://www.opi.com/en-GB/products/infinite-shine-less-is-norse,https://cdn.shopify.com/s/files/1/0656/5547/2343/files/less_is_norse_formula_swatch_2000x2477_d13464f5-dbba-4892-ab7e-4510b49d5002.jpg?v=1711958953,#403E53
OPI,Infinite Shine,ISLT02-EU,Lady In Black,Infinite Shine Iconic Shades,https://www.opi.com/en-GB/products/infinite-shine-lady-in-black,https://cdn.shopify.com/s/files/1/0656/5547/2343/files/black_onyx_formula_swatch_2000x2477_d5949c50-5afd-49b8-917f-be31e954e791.jpg?v=1711642733,#131313
OPI,Infinite Shine,ISL27,Steel Waters Run Deep,Infinite Shine,https://www.opi.com/en-GB/products/infinite-shine-steel-waters-run-deep,https://cdn.shopify.com/s/files/1/0656/5547/2343/files/steel_waters_run_deep_formula_swatch_2000x2477_24f490cc-1a31-4aea-a308-1f868125b143.jpg?v=1711958953,#6F6E74
OPI,Infinite Shine,ISLF84,Do You Sea What I Sea?,,https://www.opi.com/en-GB/products/infinite-shine-do-you-sea-what-i-sea,https://cdn.shopify.com/s/files/1/0656/5547/2343/files/do_you_sea_what_i_sea_formula_swatch_2000x2477_a51a377f-d1f6-4990-80d7-bb274062f856.jpg?v=1711639069,#196C95
OPI,Infinite Shine,ISLS86,Bubble Bath®,Infinite Shine Iconic Shades,https://www.opi.com/en-GB/products/infinite-shine-bubble-bath,https://cdn.shopify.com/s/files/1/0656/5547/2343/files/bubble_bath_formula_swatch_2000x2477_2fa97dce-2bd4-4ab2-a7c0-ae76ebf6a6fc.jpg?v=1711639621,#EABCAE
OPI,Infinite Shine,ISL95,Keep Calm & Carry On,,https://www.opi.com/en-GB/products/infinite-shine-keep-calm-carry-on,https://cdn.shopify.com/s/files/1/0656/5547/2343/files/keep_calm_carry_on_formula_swatch_2000x2477_5bd20534-6bf4-4b34-ae1f-9cfe03cbbd6e.jpg?v=1711645823,#D79F9B
OPI,Infinite Shine,ISL123,Happily Evergreen After,,https://www.opi.com/en-GB/products/infinite-shine-happily-evergreen-after,https://cdn.shopify.com/s/files/1/0656/5547/2343/files/happily_evergreen_after_formula_swatch_2000x2477_671a5c4b-c5e7-402a-859f-67770baf7604.jpg?v=1711645823,#375B3B
OPI,Infinite Shine,ISL124,Last from the Past,,https://www.opi.com/en-GB/products/infinite-shine-last-from-the-past,https://cdn.shopify.com/s/files/1/0656/5547/2343/files/last_from_the_past_formula_swatch_2000x2477_2beceeb3-89a2-41d2-a006-9ae42a458b1e.jpg?v=1711645824,#6FA7B7
OPI,Infinite Shine,ISL120,Endure & Allure,,https://www.opi.com/en-GB/products/infinite-shine-endure-allure,https://cdn.shopify.com/s/files/1/0656/5547/2343/files/endure_allure_formula_swatch_2000x2477_0e3b5464-90eb-4e64-98e3-b674761a317a.jpg?v=1711645825,#5E5767
OPI,Infinite Shine,ISL97,Faux-ever Yours,,https://www.opi.com/en-GB/products/infinite-shine-faux-ever-yours,https://cdn.shopify.com/s/files/1/0656/5547/2343/files/fauxever_yours_formula_swatch_2000x2477_83d9a94d-04a7-4bcb-8100-67548dc7510a.jpg?v=1711645822,#F2BCD2
OPI,Infinite Shine,ISL131,Knock 'Em Red,,https://www.opi.com/en-GB/products/infinite-shine-knock-em-red,https://cdn.shopify.com/s/files/1/0656/5547/2343/files/knock_em_red_formula_swatch_2000x2477_9ba37248-3d12-4248-8ad7-9cee7e69a3ea.jpg?v=1711645824,#B41A05
OPI,Infinite Shine,ISL98,Flamingo Your Own Way,,https://www.opi.com/en-GB/products/infinite-shine-flamingo-your-own-way,https://cdn.shopify.com/s/files/1/0656/5547/2343/files/flamingo_your_own_way_formula_swatch_2000x2477_8a212424-8986-4560-a516-bb6cc21eddcb.jpg?v=1711645823,#D8768A
OPI,Infinite Shine,ISL93,Megawatt Hot,,https://www.opi.com/en-GB/products/infinite-shine-megawatt-hot,https://cdn.shopify.com/s/files/1/0656/5547/2343/files/megawatt_hot_formula_swatch_2000x2477_ac11408e-8eab-439b-a173-b40930e53743.jpg?v=1711645824,#D8586B
OPI,Infinite Shine,ISL115,Bright on Top of It,,https://www.opi.com/en-GB/products/infinite-shine-bright-on-top-of-it,https://cdn.shopify.com/s/files/1/0656/5547/2343/files/bright_on_top_of_it_formula_swatch_2000x2477_cb0ec9c7-a4b7-4b64-9388-22acabb3cba9.jpg?v=1711645824,#D8673F
OPI,Infinite Shine,ISL119,Lush Hour,,https://www.opi.com/en-GB/products/infinite-shine-lush-hour,https://cdn.shopify.com/s/files/1/0656/5547/2343/files/lush_hour_formula_swatch_2000x2477_36001ce3-9493-4231-b783-e2c21546f0bb.jpg?v=1711645822,#644173
OPI,Infinite Shine,ISL116,A Sherbert Thing,,https://www.opi.com/en-GB/products/infinite-shine-a-sherbert-thing,https://cdn.shopify.com/s/files/1/0656/5547/2343/files/a_sherbert_thing_formula_swatch_2000x2477_5b0b76b8-a49d-40a0-9e51-8d8196a89e4e.jpg?v=1711645824,#E68D76
OPI,Infinite Shine,ISL100,Good Redputation,,https://www.opi.com/en-GB/products/infinite-shine-good-redputation,https://cdn.shopify.com/s/files/1/0656/5547/2343/files/good_redputation_formula_swatch_2000x2477_a2e57bf7-7ec1-4dbf-9322-0a89a7064168.jpg?v=1711645825,#C92556
OPI,Infinite Shine,ISL109,Gray it on Me,,https://www.opi.com/en-GB/products/infinite-shine-gray-it-on-me,https://cdn.shopify.com/s/files/1/0656/5547/2343/files/gray_it_on_me_formula_swatch_2000x2477_5e5581d4-7327-40ea-9f9f-4974c86a51fe.jpg?v=1711645823,#BFBBB7
OPI,Infinite Shine,ISL104,Not Afraid of the Dark,,https://www.opi.com/en-GB/products/infinite-shine-not-afraid-of-the-dark,https://cdn.shopify.com/s/files/1/0656/5547/2343/files/not_afraid_of_the_dark_formula_swatch_2000x2477_361d4757-88db-42a2-adf6-c1758ddc4a5a.jpg?v=1711645823,#27120D
OPI,Infinite Shine,ISL117,Always Within Peach,,https://www.opi.com/en-GB/products/infinite-shine-always-within-peach,https://cdn.shopify.com/s/files/1/0656/5547/2343/files/always_within_peach_formula_swatch_2000x2477_4d4d878b-cb14-4ce2-9989-78e4e4d8a56d.jpg?v=1711645823,#DD5237
OPI,Infinite Shine,ISL129,Awe Night Long,,https://www.opi.com/en-GB/products/infinite-shine-awe-night-long,https://cdn.shopify.com/s/files/1/0656/5547/2343/files/awe_night_long_formula_swatch_2000x2477_fe408473-9d98-4325-a1f6-9cb7d9ac73cf.jpg?v=1711645824,#15294A
OPI,Infinite Shine,ISL96,Livin' La Vida Mocha,,https://www.opi.com/en-GB/products/infinite-shine-livin-la-vida-mocha,https://cdn.shopify.com/s/files/1/0656/5547/2343/files/livin_la_vida_mocha_formula_swatch_2000x2477_7ebdd82e-459c-4222-905e-37c4136d98cd.jpg?v=1711645825,#6C4D32
OPI,Infinite Shine,ISL127,No Chips on my Shoulder,,https://www.opi.com/en-GB/products/infinite-shine-no-chips-on-my-shoulder,https://cdn.shopify.com/s/files/1/0656/5547/2343/files/no_chips_on_my_shoulder_formula_swatch_2000x2477_a7668e05-208a-48a5-ae65-d8e25b99211a.jpg?v=1711645823,#0F1C46
OPI,Infinite Shine,ISL113,It's Always Stunny,,https://www.opi.com/en-GB/products/infinite-shine-its-always-stunny,https://cdn.shopify.com/s/files/1/0656/5547/2343/files/its_always_stunny_formula_swatch_2000x2477_5b2d5363-5ce3-4f84-bb4f-9a2e6c68c3e5.jpg?v=1711645825,#F8EA7D
OPI,Infinite Shine,ISL118,Last Glam Standing,,https://www.opi.com/en-GB/products/infinite-shine-last-glam-standing,https://cdn.shopify.com/s/files/1/0656/5547/2343/files/last_glam_standing_formula_swatch_2000x2477_5038fc76-96c9-47ac-87c8-e01cfdbb4852.jpg?v=1711645825,#CBA1C1
OPI,Infinite Shine,ISL99,At Strong Last,,https://www.opi.com/en-GB/products/infinite-shine-at-strong-last,https://cdn.shopify.com/s/files/1/0656/5547/2343/files/at_strong_last_formula_swatch_2000x2477_31575e0d-fe82-49b6-9d1e-19087318bed3.jpg?v=1711645824,#D25769
OPI,Infinite Shine,ISL130,Full of Glambition,,https://www.opi.com/en-GB/products/infinite-shine-full-of-glambition,https://cdn.shopify.com/s/files/1/0656/5547/2343/files/full_of_glambition_formula_swatch_2000x2477_0aa2ee7e-bd74-4a3a-91b1-d114f1391566.jpg?v=1711645825,#C02318
OPI,Infinite Shine,ISL121,In Mint Condition,,https://www.opi.com/en-GB/products/infinite-shine-in-mint-condition,https://cdn.shopify.com/s/files/1/0656/5547/2343/files/in_mint_condition_formula_swatch_2000x2477_b1a0887b-541d-43f6-9688-e2e00543d752.jpg?v=1711645824,#B5D2B5
OPI,Infinite Shine,ISL92,On a Mission,,https://www.opi.com/en-GB/products/infinite-shine-on-a-mission,https://cdn.shopify.com/s/files/1/0656/5547/2343/files/on_a_mission_formula_swatch_2000x2477_5aef6207-00de-45bd-a403-8df17265f2ea.jpg?v=1711645830,#EC8A74
OPI,Infinite Shine,ISL94,Over-slay your Welcome,,https://www.opi.com/en-GB/products/infinite-shine-over-slay-your-welcome,https://cdn.shopify.com/s/files/1/0656/5547/2343/files/overslay_your_welcome_formula_swatch_2000x2477_8eb0e383-66b7-4044-b741-cfd137784369.jpg?v=1711645846,#DBA07F
OPI,Infinite Shine,ISL110,Pure Jean-ius,,https://www.opi.com/en-GB/products/infinite-shine-pure-jean-ius,https://cdn.shopify.com/s/files/1/0656/5547/2343/files/pure_jeanius_formula_swatch_2000x2477_f317fb52-a37b-4299-9160-98a100364286.jpg?v=1711645846,#56657F
OPI,Infinite Shine,ISL111,Purple Reign,,https://www.opi.com/en-GB/products/infinite-shine-purple-reign,https://cdn.shopify.com/s/files/1/0656/5547/2343/files/purple_reign_formula_swatch_2000x2477_7e7b857a-a736-48c4-90b4-d91a05ffa376.jpg?v=1711645846,#552662
OPI,Infinite Shine,ISL126,Strongevity,,https://www.opi.com/en-GB/products/infinite-shine-strongevity,https://cdn.shopify.com/s/files/1/0656/5547/2343/files/strongevity_formula_swatch_2000x2477_bfbe4b31-fb08-4e51-8df1-a2532fb0d740.jpg?v=1711645848,#577AA9
OPI,Infinite Shine,ISL108,Stay & Night,,https://www.opi.com/en-GB/products/infinite-shine-stay-night,https://cdn.shopify.com/s/files/1/0656/5547/2343/files/stay_and_night_formula_swatch_2000x2477_b90cca11-6207-428a-957c-ef9dcbc2b4c9.jpg?v=1711645848,#1E2021
OPI,Infinite Shine,ISL90,Shimmer Takes All,,https://www.opi.com/en-GB/products/infinite-shine-shimmer-takes-all,https://cdn.shopify.com/s/files/1/0656/5547/2343/files/shimmer_takes_all_formula_swatch_2000x2477_138d4f6d-e4e2-4107-8fb7-09420bf677b0.jpg?v=1711645848,#DDD6C9
OPI,Infinite Shine,ISL114,"Ready, Sunset, Glow",,https://www.opi.com/en-GB/products/infinite-shine-ready-sunset-glow,https://cdn.shopify.com/s/files/1/0656/5547/2343/files/ready_sunset_glow_formula_swatch_2000x2477_7cf2043a-0703-4faf-9cbf-366c6a16e038.jpg?v=1711645848,#E08D1E
OPI,Infinite Shine,ISL105,Stunstoppable,,https://www.opi.com/en-GB/products/infinite-shine-stunstoppable,https://cdn.shopify.com/s/files/1/0656/5547/2343/files/stunstoppable_formula_swatch_2000x2477_919a798c-26bd-4383-a6e5-6ebc1fa04a34.jpg?v=1711645849,#6A3509
OPI,Infinite Shine,ISL103,Vamp Champ,,https://www.opi.com/en-GB/products/infinite-shine-vamp-champ,https://cdn.shopify.com/s/files/1/0656/5547/2343/files/vamp_champ_formula_swatch_2000x2477_1c87c1f0-9f88-4ee3-b1fc-5a9343c15ca3.jpg?v=1711645848,#4B0B28
OPI,Infinite Shine,ISL91,Times Infinity,,https://www.opi.com/en-GB/products/infinite-shine-times-infinity,https://cdn.shopify.com/s/files/1/0656/5547/2343/files/times_infinity_formula_swatch_2000x2477_85d96276-13a1-42e5-bebe-cce1e3d1d325.jpg?v=1711645848,#853957
OPI,Infinite Shine,ISL107,Work From Chrome,,https://www.opi.com/en-GB/products/infinite-shine-work-from-chrome,https://cdn.shopify.com/s/files/1/0656/5547/2343/files/work_from_chrome_formula_swatch_2000x2477_7b2e63d5-fd71-4ee2-a131-c75f37debb91.jpg?v=1711645849,#8A8179
OPI,Infinite Shine,ISL102,"Shined, Sealed, Delivered",,https://www.opi.com/en-GB/products/infinite-shine-shined-sealed-delivered,https://cdn.shopify.com/s/files/1/0656/5547/2343/files/shined_sealed_delivered_formula_swatch_2000x2477_17f04d51-0eae-4b25-a507-653b656fff76.jpg?v=1711645848,#B14770
OPI,Infinite Shine,ISL101,Werkin' Shine to Five,,https://www.opi.com/en-GB/products/infinite-shine-werkin-shine-to-five,https://cdn.shopify.com/s/files/1/0656/5547/2343/files/werkin_shine_to_five_formula_swatch_2000x2477_95eee513-761a-4485-917f-309abd8d248c.jpg?v=1711645848,#BE857F
OPI,Infinite Shine,ISL122,Won for the Ages,,https://www.opi.com/en-GB/products/infinite-shine-won-for-the-ages,https://cdn.shopify.com/s/files/1/0656/5547/2343/files/won_for_the_ages_formula_swatch_2000x2477_c866887d-ae8c-4022-b811-b1bc699b80ad.jpg?v=1711645849,#047846
OPI,Infinite Shine,ISL106,24/7 Carat,,https://www.opi.com/en-GB/products/infinite-shine-247-carat,https://cdn.shopify.com/s/files/1/0656/5547/2343/files/24_7_carat_formula_swatch_2000x2477_185489f3-0bbc-49f5-8708-453c5c7cd876.jpg?v=1711645850,#CBAF79
OPI,Infinite Shine,ISL128,AM 2 PM,,https://www.opi.com/en-GB/products/infinite-shine-am-2-pm,https://cdn.shopify.com/s/files/1/0656/5547/2343/files/am_2_pm_formula_swatch_2000x2477_7c6a8d0e-a7a7-4f45-89a4-05de42ea9277.jpg?v=1711645851,#272453
OPI,Infinite Shine,ISL167,From Head to Doze | Blue,OPI'm Dreaming,https://www.opi.com/en-GB/products/infinite-shine-from-head-to-doze,https://cdn.shopify.com/s/files/1/0656/5547/2343/files/sp25_ecommerce_jpg_from_head_to_doze_swatch_d1291ce6-12c3-4eb9-8bbd-329d5a0166c1.jpg?v=1739447714,#D3DCE2
OPI,Infinite Shine,ISL170,Living the Fanta-sea | Blue,OPI'm Dreaming,https://www.opi.com/en-GB/products/infinite-shine-living-the-fanta-sea,https://cdn.shopify.com/s/files/1/0656/5547/2343/files/sp25_ecommerce_jpg_living_the_fanta-sea_swatch_47805485-113a-40bd-bd23-b732d3ad8870.jpg?v=1739447716,#7CBED4
OPI,Infinite Shine,ISL175,It’s in Your Jeans | Blue,Make 'Em Jelly!,https://www.opi.com/en-GB/products/infinite-shine-its-in-your-jeans,https://cdn.shopify.com/s/files/1/0656/5547/2343/files/its_in_your_jeans_swatch.jpg?v=1744642962,#367D9E
OPI,Infinite Shine,ISL182,Your OPIness | Metallic,Make 'Em Jelly!,https://www.opi.com/en-GB/products/infinite-shine-your-opiness,https://cdn.shopify.com/s/files/1/0656/5547/2343/files/your_opiness_swatch.jpg?v=1744642964,#C78C44
OPI,Infinite Shine,ISL178,Strawberry Slay Pink,Make 'Em Jelly!,https://www.opi.com/en-GB/products/infinite-shine-strawberry-slay,https://cdn.shopify.com/s/files/1/0656/5547/2343/files/strawberry_slay_swatch.jpg?v=1744642962,#FCAF9E
OPI,Infinite Shine,ISL173,Jelly Green with Envy | Green,Make 'Em Jelly!,https://www.opi.com/en-GB/products/infinite-shine-jelly-green-with-envy,https://cdn.shopify.com/s/files/1/0656/5547/2343/files/jelly_green_with_envy_dot_swatch.jpg?v=1744642963,#80B666
OPI,Infinite Shine,ISL172,CelebrATE that | Green,Make 'Em Jelly!,https://www.opi.com/en-GB/products/infinite-shine-celebrate-that,https://cdn.shopify.com/s/files/1/0656/5547/2343/files/celebrate_that_swatch.jpg?v=1744642964,#507D3A
OPI,Infinite Shine,ISL193,Get in Platform-ation | Blue,What's Your Mani-tude?,https://www.opi.com/en-GB/products/infinite-shine-get-in-platform-ation,https://cdn.shopify.com/s/files/1/0656/5547/2343/files/get_in_platform-ation_swatch_3079717e-0609-4479-939e-2da71a65619c.jpg?v=1752490111,#394448
OPI,Infinite Shine,ISL190,OPI’m a Supermodel | Green,What's Your Mani-tude?,https://www.opi.com/en-GB/products/infinite-shine-opi-m-a-supermodel,https://cdn.shopify.com/s/files/1/0656/5547/2343/files/opi_m_a_supermodel_swatch.jpg?v=1752490110,#32643C
OPI,Infinite Shine,ISL194,Belly Button Bling | Grey,What's Your Mani-tude?,https://www.opi.com/en-GB/products/infinite-shine-belly-button-bling,https://cdn.shopify.com/s/files/1/0656/5547/2343/files/belly_button_bling_swatch.jpg?v=1752490112,#7C7571
OPI,Infinite Shine,ISL185,Nail Prep Rally | Red,What's Your Mani-tude?,https://www.opi.com/en-GB/products/infinite-shine-nail-prep-rally,https://cdn.shopify.com/s/files/1/0656/5547/2343/files/nail_prep_rally_swatch.jpg?v=1752490111,#89312E
OPI,Infinite Shine,ISL187,Knee High Stock-blings | Pink,What's Your Mani-tude?,https://www.opi.com/en-GB/products/infinite-shine-knee-high-stock-blings,https://cdn.shopify.com/s/files/1/0656/5547/2343/files/knee_high_stock-blings_swatch_629c84e5-eda5-4522-8864-9b62abf929ee.jpg?v=1752490111,#C36350
OPI,Infinite Shine,ISL189,My Berry Janes | Purple,What's Your Mani-tude?,https://www.opi.com/en-GB/products/infinite-shine-my-berry-janes,https://cdn.shopify.com/s/files/1/0656/5547/2343/files/my_berry_janes_swatch_9508f920-dc78-486b-b223-dd8191ff6bef.jpg?v=1752490111,#703F68
OPI,Infinite Shine,ISL183,A Total Suzi | Nude,What's Your Mani-tude?,https://www.opi.com/en-GB/products/infinite-shine-a-total-suzi,https://cdn.shopify.com/s/files/1/0656/5547/2343/files/a_total_suzi_swatch.jpg?v=1752490104,#DDAF8C
OPI,Infinite Shine,ISL186,Rollerbabe | Orange,What's Your Mani-tude?,https://www.opi.com/en-GB/products/infinite-shine-rollerbabe,https://cdn.shopify.com/s/files/1/0656/5547/2343/files/rollerbabe_swatch.jpg?v=1752490104,#FE7D07
OPI,Infinite Shine,ISL192,Totally Tu-blue-ar | Blue,What's Your Mani-tude?,https://www.opi.com/en-GB/products/infinite-shine-totally-tu-blue-ar,https://cdn.shopify.com/s/files/1/0656/5547/2343/files/totally_tu-blue-ar_swatch.jpg?v=1752490110,#A7D2E0
OPI,Infinite Shine,ISL188,Mini Plaid Flirt | Red,What's Your Mani-tude?,https://www.opi.com/en-GB/products/infinite-shine-mini-plaid-flirt,https://cdn.shopify.com/s/files/1/0656/5547/2343/files/mini_plaid_flirt_swatch.jpg?v=1752490110,#FC2D17
OPI,Infinite Shine,ISL184,Track Suited Cutie | Nude,What's Your Mani-tude?,https://www.opi.com/en-GB/products/infinite-shine-track-suited-cutie,https://cdn.shopify.com/s/files/1/0656/5547/2343/files/track_suited_cutie_swatch_a82dcce7-ffd1-4145-a4a8-ca6ddceae91f.jpg?v=1752490112,#9D7C6D
