Brand,Product Type,Collection,Category,Shade Name,ApproxHex,ProductURL,SwatchURL
The GelBottle Inc.,GelColor,Autumn Edit,Standard,Rogue,#741E20,https://thegelbottle.com/autumn-edit/rogue/,https://cdn11.bigcommerce.com/s-3k1bxwjbw6/products/2162/images/386022/5dbc2f01062ae0a13dbbb1f33b9034157c271c8b_01_25021_EC_POP_ROGUE_7541_FINAL_1500x1500crop_72dpi__48559.1758289490.220.290.jpg?c=1
The GelBottle Inc.,GelColor,Autumn Edit,Standard,Getaway,#43251F,https://thegelbottle.com/autumn-edit/getaway/,https://cdn11.bigcommerce.com/s-3k1bxwjbw6/products/2163/images/386927/b7e96b673b18c75290f0a00114135fd9be9e855d_01_25021_EC_POP_GETAWAY_7544_FINAL_1500x1500crop_72dpi__69530.1758289489.220.290.jpg?c=1
The GelBottle Inc.,GelColor,Autumn Edit,Standard,Classified,#552032,https://thegelbottle.com/autumn-edit/classified/,https://cdn11.bigcommerce.com/s-3k1bxwjbw6/products/2157/images/384598/449364f86d42ecb2b022e4c19432e009c8804491_01_25021_EC_POP_CLASSIFIED_7555_FINAL_1500x1500crop_72dpi__54286.1758289489.220.290.jpg?c=1
The GelBottle Inc.,GelColor,Autumn Edit,Standard,Heist,#411819,https://thegelbottle.com/autumn-edit/heist/,https://cdn11.bigcommerce.com/s-3k1bxwjbw6/products/2159/images/384764/c67ffc99d51023e00b5caf4a7f855d953d44b29e_01_25021_EC_POP_HEIST_7518_FINAL_1500x1500crop_72dpi__10414.1758289490.220.290.jpg?c=1
The GelBottle Inc.,GelColor,Autumn Edit,Standard,Crypto,#1D4133,https://thegelbottle.com/autumn-edit/crypto/,https://cdn11.bigcommerce.com/s-3k1bxwjbw6/products/2158/images/384464/45ebcee4e02e984a8a0742cbe50d682d7237a6a3_01_25021_EC_POP_CRYPTO_7524_FINAL_1500x1500crop_72dpi__21903.1758289490.220.290.jpg?c=1
The GelBottle Inc.,GelColor,Autumn Edit,Standard,Mission,#381732,https://thegelbottle.com/autumn-edit/mission/,https://cdn11.bigcommerce.com/s-3k1bxwjbw6/products/2161/images/387882/399d3a26b7284db9b51ca18dafa9220f081e1d96_01_25021_EC_POP_MISSION_7525_FINAL_1500x1500crop_72dpi__37542.1758289490.220.290.jpg?c=1
The GelBottle Inc.,GelColor,Autumn Edit,Standard,Alibi,#E0C0DD,https://thegelbottle.com/autumn-edit/alibi/,https://cdn11.bigcommerce.com/s-3k1bxwjbw6/products/2156/images/384265/c55560829ffd900213d15275d07a355b10480662_01_25021_EC_POP_ALIBI_7538_FINAL_1500x1500crop_72dpi__33740.1758289488.220.290.jpg?c=1
The GelBottle Inc.,GelColor,Autumn Edit,"Magnetic, Cat-eye",Decoy Magnetic,#AB3783,https://thegelbottle.com/autumn-edit/decoy-magnetic/,https://cdn11.bigcommerce.com/s-3k1bxwjbw6/products/2164/images/387052/d2465f05386d91cc54cb3b59ad8f5f244fa31fc8_01_25021_EC_POP_DECOY_7535_FINAL_1500x1500crop_72dpi__79626.1758289491.220.290.jpg?c=1
The GelBottle Inc.,GelColor,Autumn Edit,"Magnetic, Cat-eye",Vault Magnetic,#685862,https://thegelbottle.com/autumn-edit/vault-magnetic/,https://cdn11.bigcommerce.com/s-3k1bxwjbw6/products/2160/images/385320/fc3437a4ccb49eefea64bfd44829861fff25eaf5_01_25021_EC_POP_VAULT_7547_FINAL_1500x1500crop_72dpi__02405.1758281703.220.290.jpg?c=1
The GelBottle Inc.,GelColor,,"Magnetic, Cat-eye",Sunkissed Magnetic,#E9CDC8,https://thegelbottle.com/gel-colour/sunkissed-magnetic/,https://cdn11.bigcommerce.com/s-3k1bxwjbw6/products/2046/images/387666/1eceb6b983831775d2df4586aebcf17bdec3f49f_01_25016_EC_POP_SUNKISSED_FINAL_1500x1500crop_72dpi__50295.1758289488.220.290.jpg?c=1
The GelBottle Inc.,GelColor,,"Magnetic, Cat-eye",Manifest Magnetic,#D29FA7,https://thegelbottle.com/gel-colour/manifest-magnetic/,https://cdn11.bigcommerce.com/s-3k1bxwjbw6/products/2033/images/383055/45e2add37ccdd610368c57b4a0fd3d007748c189_01_25016_EC_POP_MANIFEST_FINAL_1500x1500crop_72dpi__49261.1758289489.220.290.jpg?c=1
The GelBottle Inc.,GelColor,,"Magnetic, Cat-eye",Obsession  Magnetic,#AD6A90,https://thegelbottle.com/gel-colour/obsession-magnetic/,https://cdn11.bigcommerce.com/s-3k1bxwjbw6/products/2042/images/386092/fc891c0aadb814acdd74f5474dfdd9111c4ee8c1_01_25016_EC_POP_OBSESSION_FINAL_1500x1500crop_72dpi__94287.1758289487.220.290.jpg?c=1
The GelBottle Inc.,GelColor,,"Magnetic, Cat-eye",Juicy Magnetic,#AB82AB,https://thegelbottle.com/gel-colour/juicy-magnetic/,https://cdn11.bigcommerce.com/s-3k1bxwjbw6/products/2041/images/384235/7e2207c9e583f99e223c5bd3893cc778a6f1f1cb_01_25016_EC_POP_JUICY_FINAL_1500x1500crop_72dpi__46898.1758289487.220.290.jpg?c=1
The GelBottle Inc.,GelColor,,"Magnetic, Cat-eye",Rush Magnetic,#D4A78B,https://thegelbottle.com/gel-colour/rush-magnetic/,https://cdn11.bigcommerce.com/s-3k1bxwjbw6/products/2040/images/383284/d430bcb66d4fe67d41f3bc01aa3b17f1b697bcbb_01_25016_EC_POP_RUSH_FINAL_1500x1500crop_72dpi__15307.1758289488.220.290.jpg?c=1
The GelBottle Inc.,GelColor,,"Magnetic, Cat-eye",Mermaid  Magnetic,#B9CFC8,https://thegelbottle.com/gel-colour/mermaid-magnetic/,https://cdn11.bigcommerce.com/s-3k1bxwjbw6/products/2035/images/383486/81c38d953c740a3d0930d6d62828688d30950f45_01_25016_EC_POP_MERMAID_FINAL_1500x1500crop_72dpi__04438.1758289489.220.290.jpg?c=1
The GelBottle Inc.,GelColor,,"Magnetic, Cat-eye",That Girl Magnetic,#B7BFAB,https://thegelbottle.com/gel-colour/that-girl-magnetic/,https://cdn11.bigcommerce.com/s-3k1bxwjbw6/products/2034/images/383219/90f9e89e242a3e408d80a8b2f2d5040a755ea94f_01_25016_EC_POP_THAT_GIRL_FINAL_1500x1500crop_72dpi__92828.1758289486.220.290.jpg?c=1
The GelBottle Inc.,GelColor,,Sheer,Pure,#EBD2DB,https://thegelbottle.com/gel-colour/pure/,https://cdn11.bigcommerce.com/s-3k1bxwjbw6/products/2065/images/385863/ededb7bd43453c48271dc077a6815b71147b008e_01_25020_EC_POP_PURE_FINAL_1500x1500crop_72dpi__81533.1758289490.220.290.jpg?c=1
The GelBottle Inc.,GelColor,,Sheer,Lace,#F3E7E7,https://thegelbottle.com/gel-colour/lace/,https://cdn11.bigcommerce.com/s-3k1bxwjbw6/products/2066/images/386033/64a2abc0f35c8d04b55e7f96fd16f5cef8239edd_01_25020_EC_POP_LACE_FINAL_1500x1500crop_72dpi__53935.1758289490.220.290.jpg?c=1
The GelBottle Inc.,GelColor,,Sheer,Dove,#EFEBEA,https://thegelbottle.com/gel-colour/dove/,https://cdn11.bigcommerce.com/s-3k1bxwjbw6/products/2067/images/387325/488679ade14f8d7bc514e4e53ec8bfa0ba2250b4_01_25020_EC_POP_DOVE_FINAL_1500x1500crop_72dpi__89998.1758289489.220.290.jpg?c=1
The GelBottle Inc.,GelColor,,Sheer,Haze,#EDDCD7,https://thegelbottle.com/gel-colour/haze/,https://cdn11.bigcommerce.com/s-3k1bxwjbw6/products/2069/images/387807/4fb3bcde5937e36a7d3af40918b513beb8fcc078_01_25020_EC_POP_HAZE_FINAL_1500x1500crop_72dpi__37558.1758289491.220.290.jpg?c=1
The GelBottle Inc.,GelColor,,Sheer,Dusk,#E8CCB9,https://thegelbottle.com/gel-colour/dusk/,https://cdn11.bigcommerce.com/s-3k1bxwjbw6/products/2068/images/387762/97d36d6578a29231c2cb82829fb906121f87c886_01_25020_EC_POP_DUSK_FINAL_1500x1500crop_72dpi__91712.1758289491.220.290.jpg?c=1
The GelBottle Inc.,GelColor,,Reflective,Decade,#A9A9A9,https://thegelbottle.com/gel-colour/decade/,https://cdn11.bigcommerce.com/s-3k1bxwjbw6/products/2153/images/382926/ac5546b126bb294c4596ca6cd7f93dc37f320a7b_01_25023_EC_POP_7974_FINAL_1500x1500crop_72dpi__85451.1758289491.220.290.jpg?c=1
The GelBottle Inc.,GelColor,,"Magnetic, Cat-eye",Bougie Magnetic,#C29697,https://thegelbottle.com/gel-colour/bougie-magnetic/,https://cdn11.bigcommerce.com/s-3k1bxwjbw6/products/2044/images/387313/9052c0d98e68e0b7696bb688ca518d76d505550c_01_25016_EC_POP_BOUGIE_FINAL_1500x1500crop_72dpi__48766.1758289488.220.290.jpg?c=1
The GelBottle Inc.,GelColor,,"Magnetic, Cat-eye",Celestial Magnetic,#E8CFBF,https://thegelbottle.com/gel-colour/celestial-magnetic/,https://cdn11.bigcommerce.com/s-3k1bxwjbw6/products/2039/images/385809/06f4c7485251409f31462dc03e4ee3881a83d5d8_01_25016_EC_POP_CELESTIAL_FINAL_1500x1500crop_72dpi__46389.1758289487.220.290.jpg?c=1
The GelBottle Inc.,GelColor,,"Magnetic, Cat-eye",Flare Magnetic,#C6A897,https://thegelbottle.com/gel-colour/flare-magnetic/,https://cdn11.bigcommerce.com/s-3k1bxwjbw6/products/2043/images/385544/4e259466fdaf62ac3f9be70d7b57083e6c1f109e_01_25016_EC_POP_FLARE_FINAL_1500x1500crop_72dpi__88627.1758289488.220.290.jpg?c=1
The GelBottle Inc.,GelColor,,Standard,Route 66,#CA1F2D,https://thegelbottle.com/gel-colour/route-66/,https://cdn11.bigcommerce.com/s-3k1bxwjbw6/products/1997/images/387525/a30c21ae754805427c2580976540e5390cca4f59_Small_01_25008_EC_POPS_ROUTE66_8994_FINAL_1500x1500crop_72dpi__08200.1758289487.220.290.jpg?c=1
The GelBottle Inc.,GelColor,,Standard,Bootie,#E63F1C,https://thegelbottle.com/gel-colour/bootie/,https://cdn11.bigcommerce.com/s-3k1bxwjbw6/products/1991/images/385080/61812626db9357254615f6edbb6b0d14aba30573_Medium_01_25008_EC_POPS_BOOTIE_9018_FINAL_1500x1500crop_72dpi__71588.1758289488.220.290.jpg?c=1
The GelBottle Inc.,GelColor,,Shimmery,Mustang,#987964,https://thegelbottle.com/gel-colour/mustang/,https://cdn11.bigcommerce.com/s-3k1bxwjbw6/products/1989/images/384223/bec697ef7234261e11a7f3cc997a76558faf7feb_Medium_01_25008_EC_POPS_MUSTANG_9005_FINAL_1500x1500crop_72dpi__57999.1758289486.220.290.jpg?c=1
The GelBottle Inc.,GelColor,,Shimmery,Wanted,#C5B29F,https://thegelbottle.com/gel-colour/wanted/,https://cdn11.bigcommerce.com/s-3k1bxwjbw6/products/1987/images/383236/51b3e6e7b07fdb0f5576cbebcb701fc15baae34a_Medium_01_25008_EC_POPS_WANTED_8993_FINAL_1500x1500crop_72dpi__24111.1758289486.220.290.jpg?c=1
The GelBottle Inc.,GelColor,,Glitter,Rhinestone,#B5AE9E,https://thegelbottle.com/gel-colour/rhinestone/,https://cdn11.bigcommerce.com/s-3k1bxwjbw6/products/1994/images/386112/bb27cf8837528c9be3e8f2ec3d29683e105d5fe9_Medium_01_25008_EC_POPS_RHINESTONE_9016_FINAL_1500x1500crop_72dpi__98107.1758289488.220.290.jpg?c=1
The GelBottle Inc.,GelColor,,Standard,Denim,#1A2E6F,https://thegelbottle.com/gel-colour/denim/,https://cdn11.bigcommerce.com/s-3k1bxwjbw6/products/1988/images/383414/0f12bd4a3b9df162daca4f38ad94f60c47bc41ed_Medium_01_25008_EC_POPS_DENIM_8988_FINAL_1500x1500crop_72dpi__49229.1758289487.220.290.jpg?c=1
The GelBottle Inc.,GelColor,,"Magnetic, Cat-eye",Daisy Dukes Magnetic,#5D8098,https://thegelbottle.com/gel-colour/daisy-dukes/,https://cdn11.bigcommerce.com/s-3k1bxwjbw6/products/1995/images/386317/ec5a3e136c3b13c1b7cce00c88380a9bd8e3ad4d_Medium_01_25008_EC_POPS_DAISY_DUKES_9017_FINAL_1500x1500crop_72dpi__55556.1758289488.220.290.jpg?c=1
The GelBottle Inc.,GelColor,,Standard,Cowgirl,#D578A7,https://thegelbottle.com/gel-colour/cowgirl/,https://cdn11.bigcommerce.com/s-3k1bxwjbw6/products/1996/images/386820/18c3fe433f62de12074b021436248c493056cfb1_Medium_01_25008_EC_POPS_COWGIRL_8987_FINAL_1500x1500crop_72dpi__36724.1758289487.220.290.jpg?c=1
The GelBottle Inc.,GelColor,,Shimmery,9 to 5,#EEC3CB,https://thegelbottle.com/gel-colour/9-to-5/,https://cdn11.bigcommerce.com/s-3k1bxwjbw6/products/1993/images/385826/f84705302ad1bdc583da9aeeed3d7334d37b0859_Medium_01_25008_EC_POPS_9_TO_5_9015_FINAL_1500x1500crop_72dpi__83668.1758289485.220.290.jpg?c=1
The GelBottle Inc.,GelColor,,"Magnetic, Cat-eye",Cheerleader Magnetic,#DBABB7,https://thegelbottle.com/gel-colour/cheerleader/,https://cdn11.bigcommerce.com/s-3k1bxwjbw6/products/1990/images/384334/6aaa4657deeeb587ba34690803fd1a8bea9cd9b7_Small_01_25008_EC_POPS_CHEERLEADER_9023_FINAL_1500x1500crop_72dpi__26549.1758289485.220.290.jpg?c=1
The GelBottle Inc.,GelColor,,Shimmery,Hot,#F96295,https://thegelbottle.com/shop/gel-colour/collections/hot/,https://cdn11.bigcommerce.com/s-3k1bxwjbw6/products/1667/images/383615/e86c4396421120e5c0f51e76c412434c70516a1e_HOT_FD_Logo__49366.1758289475.220.290.jpg?c=1
The GelBottle Inc.,GelColor,,Standard,Mini Dress,#FE4E49,https://thegelbottle.com/shop/gel-colour/collections/mini-dress/,https://cdn11.bigcommerce.com/s-3k1bxwjbw6/products/1669/images/384937/7215690af746dbe550d5d2c16fd2232490191bd9_59905_mini_dress__67854.1758289475.220.290.jpg?c=1
The GelBottle Inc.,GelColor,,Standard,Neon,#FE711F,https://thegelbottle.com/shop/gel-colour/collections/neon/,https://cdn11.bigcommerce.com/s-3k1bxwjbw6/products/1671/images/387754/2190dd07c1bda6651f4d28118e91d98efbf094c3_59903_neon__78184.1758289475.220.290.jpg?c=1
The GelBottle Inc.,GelColor,,Standard,Vibes,#B9DB56,https://thegelbottle.com/shop/gel-colour/collections/vibes/,https://cdn11.bigcommerce.com/s-3k1bxwjbw6/products/1668/images/385774/783593cddf33d6390e8f3a22ace8da8d5ad1e53e_59908_vibes__63602.1758289476.220.290.jpg?c=1
The GelBottle Inc.,GelColor,,"Glitter, Reflective",Hypnotic,#8AB844,https://thegelbottle.com/shop/gel-colour/collections/hypnotic/,https://cdn11.bigcommerce.com/s-3k1bxwjbw6/products/1670/images/386767/7eb21008cefae41b0ec3f0631669c282940f2c90_59910_hypnotic__97263.1758289476.220.290.jpg?c=1
The GelBottle Inc.,GelColor,,Standard,Soft Clay Mini,#FED0AE,https://thegelbottle.com/gel-colour/soft-clay-mini/,https://cdn11.bigcommerce.com/s-3k1bxwjbw6/products/1978/images/387583/5a176066c84bdb4cbd21659d2df10b70317a7e39_25003_EC_POP_SOFT_CLAY_2341_1500x1500crop__70067.1758289506.220.290.jpg?c=1
The GelBottle Inc.,GelColor,,Standard,Chalk Blue Mini,#CCEDED,https://thegelbottle.com/gel-colour/chalk-blue-mini/,https://cdn11.bigcommerce.com/s-3k1bxwjbw6/products/1977/images/387297/0b59f45a8e6d1e8609e70c31e5043896d1934ca3_25003_EC_POP_CHALK_BLUE_2345_1500x1500crop__33083.1758289506.220.290.jpg?c=1
The GelBottle Inc.,GelColor,,Standard,Fresco Mini,#DBC7D6,https://thegelbottle.com/gel-colour/fresco-mini/,https://cdn11.bigcommerce.com/s-3k1bxwjbw6/products/1971/images/383554/5b84c43b87c84fd86ec7c93ff0dc4c17db9aefbd_25003_EC_POP_FRESCO_2344_1500x1500crop__72112.1758289498.220.290.jpg?c=1
The GelBottle Inc.,GelColor,,Standard,Limewash Mini,#EBECDB,https://thegelbottle.com/gel-colour/limewash-mini/,https://cdn11.bigcommerce.com/s-3k1bxwjbw6/products/1974/images/386229/b12c78ee9df2716307523457f100f56a34d0c876_25003_EC_POP_LIMEWASH_2338_1500x1500crop__56340.1758289505.220.290.jpg?c=1
The GelBottle Inc.,GelColor,,Standard,Linen Mini,#F1E0CC,https://thegelbottle.com/gel-colour/linen-mini/,https://cdn11.bigcommerce.com/s-3k1bxwjbw6/products/1976/images/387054/799b85f59d640005e95cf47952512bb8d8904347_25003_EC_POP_LINEN_2340_1500x1500crop__14375.1758289499.220.290.jpg?c=1
The GelBottle Inc.,GelColor,,"Magnetic, Cat-eye",Daisy Dukes Magnetic Mini,#5D8098,https://thegelbottle.com/gel-colour/daisy-dukes-mini/,https://cdn11.bigcommerce.com/s-3k1bxwjbw6/products/2003/images/384040/ec5a3e136c3b13c1b7cce00c88380a9bd8e3ad4d_Medium_01_25008_EC_POPS_DAISY_DUKES_9017_FINAL_1500x1500crop_72dpi__32738.1758289504.220.290.jpg?c=1
The GelBottle Inc.,GelColor,,Shimmery,Mustang Mini,#987964,https://thegelbottle.com/gel-colour/mustang-mini/,https://cdn11.bigcommerce.com/s-3k1bxwjbw6/products/2002/images/384164/bec697ef7234261e11a7f3cc997a76558faf7feb_Medium_01_25008_EC_POPS_MUSTANG_9005_FINAL_1500x1500crop_72dpi__84789.1758289501.220.290.jpg?c=1
The GelBottle Inc.,GelColor,,"Magnetic, Cat-eye",Cheerleader Magnetic Mini,#DBABB7,https://thegelbottle.com/gel-colour/cheerleader-mini/,https://cdn11.bigcommerce.com/s-3k1bxwjbw6/products/2007/images/384256/6aaa4657deeeb587ba34690803fd1a8bea9cd9b7_Small_01_25008_EC_POPS_CHEERLEADER_9023_FINAL_1500x1500crop_72dpi__29645.1758289500.220.290.jpg?c=1
The GelBottle Inc.,GelColor,,Standard,Route 66 Mini,#CA1F2D,https://thegelbottle.com/gel-colour/route-66-mini/,https://cdn11.bigcommerce.com/s-3k1bxwjbw6/products/2011/images/387109/a30c21ae754805427c2580976540e5390cca4f59_Small_01_25008_EC_POPS_ROUTE66_8994_FINAL_1500x1500crop_72dpi__48232.1758289502.220.290.jpg?c=1
The GelBottle Inc.,GelColor,,Glitter,Rhinestone Mini,#B5AE9E,https://thegelbottle.com/gel-colour/rhinestone-mini/,https://cdn11.bigcommerce.com/s-3k1bxwjbw6/products/2009/images/385039/bb27cf8837528c9be3e8f2ec3d29683e105d5fe9_Medium_01_25008_EC_POPS_RHINESTONE_9016_FINAL_1500x1500crop_72dpi__39643.1758289505.220.290.jpg?c=1
The GelBottle Inc.,GelColor,,Standard,Bond Base Mini,#B5B4B8,https://thegelbottle.com/shop/gel-colour/minis/bond-base-mini/,https://cdn11.bigcommerce.com/s-3k1bxwjbw6/products/1604/images/384324/af66f651253201c5b4ffc23c2db6138cb47e848a_59725__bond_base_mini__23012.1758289491.220.290.jpg?c=1
The GelBottle Inc.,GelColor,,Standard,Denim Mini,#1A2E6F,https://thegelbottle.com/gel-colour/denim-mini/,https://cdn11.bigcommerce.com/s-3k1bxwjbw6/products/2005/images/384489/0f12bd4a3b9df162daca4f38ad94f60c47bc41ed_Medium_01_25008_EC_POPS_DENIM_8988_FINAL_1500x1500crop_72dpi__14693.1758289503.220.290.jpg?c=1
The GelBottle Inc.,GelColor,,Shimmery,Wanted Mini,#C5B29F,https://thegelbottle.com/gel-colour/wanted-mini/,https://cdn11.bigcommerce.com/s-3k1bxwjbw6/products/2010/images/386932/51b3e6e7b07fdb0f5576cbebcb701fc15baae34a_Medium_01_25008_EC_POPS_WANTED_8993_FINAL_1500x1500crop_72dpi__18685.1758289502.220.290.jpg?c=1
The GelBottle Inc.,GelColor,,Shimmery,9 to 5 Mini,#EEC3CB,https://thegelbottle.com/gel-colour/9-to-5-mini/,https://cdn11.bigcommerce.com/s-3k1bxwjbw6/products/2008/images/385400/f84705302ad1bdc583da9aeeed3d7334d37b0859_Medium_01_25008_EC_POPS_9_TO_5_9015_FINAL_1500x1500crop_72dpi__29848.1758289500.220.290.jpg?c=1
The GelBottle Inc.,GelColor,,Standard,Bootie Mini,#E63F1C,https://thegelbottle.com/gel-colour/bootie-mini/,https://cdn11.bigcommerce.com/s-3k1bxwjbw6/products/2004/images/384906/61812626db9357254615f6edbb6b0d14aba30573_Medium_01_25008_EC_POPS_BOOTIE_9018_FINAL_1500x1500crop_72dpi__69615.1758289504.220.290.jpg?c=1
The GelBottle Inc.,GelColor,,Standard,Ketchup Mini,#DA2A1B,https://thegelbottle.com/shop/gel-colour/ketchup-mini/,https://cdn11.bigcommerce.com/s-3k1bxwjbw6/products/1616/images/384801/8f507db231cc652e9eef4856be82944c14b739e7_59547_ketchup_mini__17389.1758289498.220.290.jpg?c=1
The GelBottle Inc.,GelColor,,Glitter,Bouquet MINI,#E8C9C9,https://thegelbottle.com/shop/gel-colour/minis/bouquet-mini/,https://cdn11.bigcommerce.com/s-3k1bxwjbw6/products/1656/images/387433/8e7e900d55b647a4794b2544f6c9dc27201ee124_59739_bouquet_mini__99613.1758289509.220.290.jpg?c=1
The GelBottle Inc.,GelColor,,Shimmery,Veil MINI,#F8F3F3,https://thegelbottle.com/shop/gel-colour/minis/veil-mini/,https://cdn11.bigcommerce.com/s-3k1bxwjbw6/products/1659/images/383745/e733f14a7e1c2b8e7210459d8fd57ce90d1d1f23_59743_veil_mini__07498.1758289513.220.290.jpg?c=1
The GelBottle Inc.,GelColor,,Standard,Doughnut Mini,#F15DAA,https://thegelbottle.com/shop/gel-colour/doughnut-mini/,https://cdn11.bigcommerce.com/s-3k1bxwjbw6/products/1608/images/385247/bd9de8946b80323b9f8ee6db13c95f7e99e8e3ef_59531_donut_mini__26733.1758289495.220.290.jpg?c=1
The GelBottle Inc.,GelColor,,Shimmery,I Do MINI,#F9EADF,https://thegelbottle.com/shop/gel-colour/minis/i-do-mini/,https://cdn11.bigcommerce.com/s-3k1bxwjbw6/products/1661/images/386595/2e93aaac2e3e988d1bc5a9d0b2e2a57ed2714d46_59746_i_do_mini__77033.1758289515.220.290.jpg?c=1
The GelBottle Inc.,GelColor,,Glitter,Something Blue MINI,#D6DBE3,https://thegelbottle.com/shop/gel-colour/minis/something-blue-mini/,https://cdn11.bigcommerce.com/s-3k1bxwjbw6/products/1658/images/382785/84da44046e1b22dfb83974a0639a4130681e548f_59741_something_blue_mini__04754.1758289511.220.290.jpg?c=1
The GelBottle Inc.,GelColor,,Shimmery,Ever After MINI,#ECE1E7,https://thegelbottle.com/shop/gel-colour/minis/ever-after-mini/,https://cdn11.bigcommerce.com/s-3k1bxwjbw6/products/1660/images/386526/260bed08af8b446bdf7f682b8b855cb0238c9e48_59747_ever_after_mini__39511.1758289515.220.290.jpg?c=1
The GelBottle Inc.,GelColor,,Standard,Orange Soda Mini,#FE9A41,https://thegelbottle.com/shop/gel-colour/orange-soda-mini/,https://cdn11.bigcommerce.com/s-3k1bxwjbw6/products/1635/images/385731/9a83f683be42cf51e8cf8610f0223e31c5bbe8e1_59551_orange_soda_mini__12448.1758289504.220.290.jpg?c=1
The GelBottle Inc.,GelColor,,Standard,Milkshake Mini,#E3AED2,https://thegelbottle.com/shop/gel-colour/milkshake-mini/,https://cdn11.bigcommerce.com/s-3k1bxwjbw6/products/1620/images/385379/915187a6c8220338881481110a1c43d758ab5b2f_59538_milkshake_mini__23881.1758289503.220.290.jpg?c=1
The GelBottle Inc.,GelColor,,Standard,Sundae Mini,#C5E7E6,https://thegelbottle.com/shop/gel-colour/sundae-mini/,https://cdn11.bigcommerce.com/s-3k1bxwjbw6/products/1617/images/383279/30c10bca03bad2d376b70a3c3fa430d83848277e_59541_sundae_mini__94167.1758289502.220.290.jpg?c=1
The GelBottle Inc.,GelColor,Autumn Edit,Standard,Heist Mini,#411819,https://thegelbottle.com/autumn-edit/heist-mini/,https://cdn11.bigcommerce.com/s-3k1bxwjbw6/products/2222/images/387877/c67ffc99d51023e00b5caf4a7f855d953d44b29e_01_25021_EC_POP_HEIST_7518_FINAL_1500x1500crop_72dpi__73798.1758287772.220.290.jpg?c=1
The GelBottle Inc.,GelColor,Autumn Edit,"Magnetic, Cat-eye",Decoy Magnetic Mini,#AB3783,https://thegelbottle.com/autumn-edit/decoy-magnetic-mini/,https://cdn11.bigcommerce.com/s-3k1bxwjbw6/products/2224/images/387907/d2465f05386d91cc54cb3b59ad8f5f244fa31fc8_01_25021_EC_POP_DECOY_7535_FINAL_1500x1500crop_72dpi__48765.1758287768.220.290.jpg?c=1
The GelBottle Inc.,GelColor,Autumn Edit,Standard,Alibi Mini,#E0C0DD,https://thegelbottle.com/autumn-edit/alibi-mini/,https://cdn11.bigcommerce.com/s-3k1bxwjbw6/products/2221/images/387876/c55560829ffd900213d15275d07a355b10480662_01_25021_EC_POP_ALIBI_7538_FINAL_1500x1500crop_72dpi__79955.1758287769.220.290.jpg?c=1
The GelBottle Inc.,GelColor,,Standard,Sprinkles Mini,#FE9D93,https://thegelbottle.com/shop/gel-colour/sprinkles-mini/,https://cdn11.bigcommerce.com/s-3k1bxwjbw6/products/1621/images/383239/9e2d824d706bf42dec00a53a46372bc2952e4438_59536_sprinkle_mini__95795.1758289505.220.290.jpg?c=1
The GelBottle Inc.,GelColor,Autumn Edit,Standard,Getaway Mini,#43251F,https://thegelbottle.com/autumn-edit/getaway-mini/,https://cdn11.bigcommerce.com/s-3k1bxwjbw6/products/2220/images/387867/b7e96b673b18c75290f0a00114135fd9be9e855d_01_25021_EC_POP_GETAWAY_7544_FINAL_1500x1500crop_72dpi__95292.1758287770.220.290.jpg?c=1
The GelBottle Inc.,GelColor,Autumn Edit,Standard,Classified Mini,#552032,https://thegelbottle.com/autumn-edit/classified-mini/,https://cdn11.bigcommerce.com/s-3k1bxwjbw6/products/2225/images/387906/449364f86d42ecb2b022e4c19432e009c8804491_01_25021_EC_POP_CLASSIFIED_7555_FINAL_1500x1500crop_72dpi__21965.1758287770.220.290.jpg?c=1
The GelBottle Inc.,GelColor,,Standard,Brighton Rock Mini,#CCEED0,https://thegelbottle.com/shop/gel-colour/brighton-rock-mini/,https://cdn11.bigcommerce.com/s-3k1bxwjbw6/products/1619/images/386561/22dca5179866882561dbb79732d638eb5101940f_59532_brighton_rock_mini__78397.1758289508.220.290.jpg?c=1
The GelBottle Inc.,GelColor,,Standard,Fries Mini,#FEDE68,https://thegelbottle.com/shop/gel-colour/fries-mini/,https://cdn11.bigcommerce.com/s-3k1bxwjbw6/products/1609/images/383537/8af2da5ce1dc0c811baa4af69a6d3c618e345e36_59548_fries_mini__12313.1758289497.220.290.jpg?c=1
The GelBottle Inc.,GelColor,,Standard,Cowgirl Mini,#D578A7,https://thegelbottle.com/gel-colour/cowgirl-mini/,https://cdn11.bigcommerce.com/s-3k1bxwjbw6/products/2001/images/383158/18c3fe433f62de12074b021436248c493056cfb1_Medium_01_25008_EC_POPS_COWGIRL_8987_FINAL_1500x1500crop_72dpi__00842.1758289503.220.290.jpg?c=1
The GelBottle Inc.,GelColor,,Shimmery,Meant to Be MINI,#CCE1D4,https://thegelbottle.com/shop/gel-colour/minis/meant-to-be-mini/,https://cdn11.bigcommerce.com/s-3k1bxwjbw6/products/1662/images/387237/a0baaffd737fd1a41f9686c1b95d61253da6aa87_59748_meant_to_be_mini__89487.1758289517.220.290.jpg?c=1
The GelBottle Inc.,GelColor,Autumn Edit,"Magnetic, Cat-eye",Fortune Magnetic Mini,#924820,https://thegelbottle.com/autumn-edit/fortune-magnetic-mini/,https://cdn11.bigcommerce.com/s-3k1bxwjbw6/products/2223/images/387900/95c78568618679c7cd4e8190becd795ca6eea968_01_25021_EC_POP_FORTUNE_7551_FINAL_1500x1500crop_72dpi__78506.1758287772.220.290.jpg?c=1
The GelBottle Inc.,GelColor,,Standard,Glow Top Mini,#B5B5B9,https://thegelbottle.com/shop/gel-colour/minis/glow-top-mini/,https://cdn11.bigcommerce.com/s-3k1bxwjbw6/products/1606/images/384100/3cc4f6f395beca0f807dccd183da72e622170818_59722_glow_top_mini__04837.1758289494.220.290.jpg?c=1
The GelBottle Inc.,GelColor,,Sheer,GelPot 2.,#EECBC9,https://thegelbottle.com/gel-colour/gelpot-2/,https://cdn11.bigcommerce.com/s-3k1bxwjbw6/products/2211/images/387282/7120ecd6250daf376f64302105a7dd94cde32ec8_41138_nude_gelpot_2__06660.1758289427.220.290.jpg?c=1
The GelBottle Inc.,GelColor,,"Shimmery, Glitter",Key Lime Pie Mini,#BDE6A7,https://thegelbottle.com/shop/gel-colour/key-lime-pie-mini/,https://cdn11.bigcommerce.com/s-3k1bxwjbw6/products/1618/images/384579/15ea030492c8fb761ca1a9d1c9b2d5e69c2f1e12_59544_key_lime_pie_mini__11179.1758289501.220.290.jpg?c=1
The GelBottle Inc.,GelColor,,Sheer,GelPot 4.,#EFE3E0,https://thegelbottle.com/gel-colour/gelpot-4/,https://cdn11.bigcommerce.com/s-3k1bxwjbw6/products/2176/images/383088/342cadea165f4a34380ac9fe926adce062553d98_41140_nude_gelpot_4__17969.1758289426.220.290.jpg?c=1
The GelBottle Inc.,GelColor,Autumn Edit,"Magnetic, Cat-eye",Vault Magnetic Mini,#685862,https://thegelbottle.com/autumn-edit/vault-magnetic-mini/,https://cdn11.bigcommerce.com/s-3k1bxwjbw6/products/2228/images/387879/fc3437a4ccb49eefea64bfd44829861fff25eaf5_01_25021_EC_POP_VAULT_7547_FINAL_1500x1500crop_72dpi__70418.1758287769.220.290.jpg?c=1
The GelBottle Inc.,GelColor,Autumn Edit,Standard,Mission Mini,#381732,https://thegelbottle.com/autumn-edit/mission-mini/,https://cdn11.bigcommerce.com/s-3k1bxwjbw6/products/2227/images/387868/399d3a26b7284db9b51ca18dafa9220f081e1d96_01_25021_EC_POP_MISSION_7525_FINAL_1500x1500crop_72dpi__88282.1758287771.220.290.jpg?c=1
The GelBottle Inc.,GelColor,Autumn Edit,Standard,Rogue Mini,#741E20,https://thegelbottle.com/autumn-edit/rogue-mini/,https://cdn11.bigcommerce.com/s-3k1bxwjbw6/products/2226/images/387871/5dbc2f01062ae0a13dbbb1f33b9034157c271c8b_01_25021_EC_POP_ROGUE_7541_FINAL_1500x1500crop_72dpi__53548.1758289498.220.290.jpg?c=1
The GelBottle Inc.,GelColor,Autumn Edit,Standard,Crypto Mini,#1D4133,https://thegelbottle.com/autumn-edit/crypto-mini/,https://cdn11.bigcommerce.com/s-3k1bxwjbw6/products/2229/images/387902/45ebcee4e02e984a8a0742cbe50d682d7237a6a3_01_25021_EC_POP_CRYPTO_7524_FINAL_1500x1500crop_72dpi__87375.1758287771.220.290.jpg?c=1
The GelBottle Inc.,GelColor,,Sheer,GelPot 5.,#EDE1D7,https://thegelbottle.com/gel-colour/gelpot-5/,https://cdn11.bigcommerce.com/s-3k1bxwjbw6/products/2190/images/384422/c876a26fc948a1ca82c12cd27d1481e5a557e56d_41141_nude_gelpot_5__05493.1758289433.220.290.jpg?c=1
The GelBottle Inc.,GelColor,,Standard,Extreme Shine Top Coat Mini.,#A19EA4,https://thegelbottle.com/gel-colour/extreme-shine-top-coat-mini/,https://cdn11.bigcommerce.com/s-3k1bxwjbw6/products/2195/images/385104/6abb2866b7480f08f11e8533d43d26b0f9b10f50_56227_extreme_shine_top_mini__35408.1758289497.220.290.jpg?c=1
The GelBottle Inc.,GelColor,,Standard,Banana Split Mini,#EDE9B7,https://thegelbottle.com/shop/gel-colour/banana-split-mini/,https://cdn11.bigcommerce.com/s-3k1bxwjbw6/products/1614/images/387001/bf0e5b7a0ea9732de41dc75577ad27cb6334dbf8_59535_banana_split_mini__70696.1758289506.220.290.jpg?c=1
The GelBottle Inc.,GelColor,,Standard,2-In-1 Base Coat Mini.,#A19EA4,https://thegelbottle.com/gel-colour/2-in-1-base-coat-mini/,https://cdn11.bigcommerce.com/s-3k1bxwjbw6/products/2214/images/387390/16d0c5888890645f593b715500d2536323b30c92_56220_2_in_1_base_coat_mini__53907.1758289497.220.290.jpg?c=1
The GelBottle Inc.,GelColor,Colours,Shimmery,Winter Glitz,#426C88,https://thegelbottle.com/colours/winter-glitz/,https://cdn11.bigcommerce.com/s-3k1bxwjbw6/products/453/images/386140/6403980ff4e369bd0e55a8487db33a0486781349_265_winter_glitz__55381.1758289448.220.290.jpg?c=1
The GelBottle Inc.,GelColor,,Standard,Rubber Base Mini.,#A19EA4,https://thegelbottle.com/gel-colour/rubber-base-mini/,https://cdn11.bigcommerce.com/s-3k1bxwjbw6/products/2186/images/384370/b05b4a0666e77ae09c46ace722dc1289e9a16a19_56241_rubber_base_coat_mini__46055.1758289497.220.290.jpg?c=1
The GelBottle Inc.,GelColor,,Standard,Powder Mini,#F3CEDC,https://thegelbottle.com/gel-colour/powder-mini/,https://cdn11.bigcommerce.com/s-3k1bxwjbw6/products/1975/images/386552/cfdf7032071cd5e6f9da77bc0ac5c3a8cec293f1_25003_EC_POP_POWDER_2343_1500x1500crop__41367.1758289500.220.290.jpg?c=1
The GelBottle Inc.,GelColor,,Standard,Eggshell Mini,#F2E5C1,https://thegelbottle.com/gel-colour/eggshell-mini/,https://cdn11.bigcommerce.com/s-3k1bxwjbw6/products/1972/images/385659/9e60a78f74dc277a6379a41086622d519165042c_25003_EC_POP_EGGSHELL_2339_1500x1500crop__56808.1758289507.220.290.jpg?c=1
The GelBottle Inc.,GelColor,,"Magnetic, Cat-eye",Glow Up Magnetic,#B2A0B0,https://thegelbottle.com/gel-colour/glow-up-magnetic/,https://cdn11.bigcommerce.com/s-3k1bxwjbw6/products/2036/images/385309/585341666e807225b0167ce020561ede5bc0c3b7_01_25016_EC_POP_GLOW_UP_FINAL_1500x1500crop_72dpi__05152.1758289486.220.290.jpg?c=1
The GelBottle Inc.,GelColor,,"Magnetic, Cat-eye",Limitless Magnetic,#DFBCC6,https://thegelbottle.com/gel-colour/limitless-magnetic/,https://cdn11.bigcommerce.com/s-3k1bxwjbw6/products/2037/images/385620/4717bcb451d970a9fc0b5e4b01e7de32655b472e_01_25016_EC_POP_LIMITLESS_FINAL_1500x1500crop_72dpi__89707.1758289488.220.290.jpg?c=1
The GelBottle Inc.,GelColor,,"Magnetic, Cat-eye",Pool Party Magnetic,#C2C4CA,https://thegelbottle.com/gel-colour/pool-party-magnetic/,https://cdn11.bigcommerce.com/s-3k1bxwjbw6/products/2038/images/386842/9460892ba27793bf509906eca425610c4ba7c1be_01_25016_EC_POP_POOL_PARTY_FINAL_1500x1500crop_72dpi__37447.1758289486.220.290.jpg?c=1
The GelBottle Inc.,GelColor,,"Magnetic, Cat-eye",Luxe Magnetic,#DCBEB6,https://thegelbottle.com/gel-colour/luxe-Magnetic/,https://cdn11.bigcommerce.com/s-3k1bxwjbw6/products/2045/images/387303/f03695d107d97252f49638d60dba606807a8a587_01_25016_EC_POP_LUXE_FINAL_1500x1500crop_72dpi__28600.1758289488.220.290.jpg?c=1
The GelBottle Inc.,BIAB,,Sheer,19,#E6BDAE,https://thegelbottle.com/colours/19-biab/,https://cdn11.bigcommerce.com/s-3k1bxwjbw6/products/165/images/385356/6e06180f70284ec881062479f4c5919eb319e081_13556_19_cover_builder_nude__44016.1758289499.220.290.jpg?c=1
The GelBottle Inc.,BIAB,,Sheer,Dolly,#F1D7CF,https://thegelbottle.com/colours/dolly-biab/,https://cdn11.bigcommerce.com/s-3k1bxwjbw6/products/150/images/383513/b720fc83b9213da204448ff5f59c46fdf592ef65_54983_dolly_biab__95347.1758289506.220.290.jpg?c=1
The GelBottle Inc.,BIAB,,Sheer,Teddy,#E6B1AC,https://thegelbottle.com/colours/teddy-biab/,https://cdn11.bigcommerce.com/s-3k1bxwjbw6/products/152/images/384701/e6ce3f148ec5f77873e4601c2421d933598c56ca_54984_teddy_biab__83006.1758289506.220.290.jpg?c=1
The GelBottle Inc.,BIAB,,Sheer,18,#CF9C93,https://thegelbottle.com/colours/18-biab/,https://cdn11.bigcommerce.com/s-3k1bxwjbw6/products/163/images/386099/d68dd26f91a3c476e159ce7f06f1987408da1e82_13007_18_cover_builder_nude__65492.1758289499.220.290.jpg?c=1
The GelBottle Inc.,BIAB,,Standard,Fancy,#F3D6D7,https://thegelbottle.com/biab/fancy-biab/,https://cdn11.bigcommerce.com/s-3k1bxwjbw6/products/2063/images/385474/e92658ffcba3bdefc5dbf0e65e78c40d785d32a9_01_25004_EC_POP_2334_FANCY_FINAL_1500x1500CROP__35928.1758289428.220.290.jpg?c=1
The GelBottle Inc.,BIAB,,Standard,NU05 All-In-One,#EFCDCC,https://thegelbottle.com/biabtm-20ml/nu05-all-in-one-biab/,https://cdn11.bigcommerce.com/s-3k1bxwjbw6/products/185/images/386262/ada31889fce033250048b235091484baf2b15f2d_58710_nu05_all_in_one_biab__20556.1758289500.220.290.jpg?c=1
The GelBottle Inc.,BIAB,,Milky,Bunny,#F6E6E3,https://thegelbottle.com/shop-all/bunny-biab/,https://cdn11.bigcommerce.com/s-3k1bxwjbw6/products/1489/images/383265/3163b7ed0d9a0f3cd978b9172f594e2db3f702fc_59414_bunny_biab__98775.1758289500.220.290.jpg?c=1
The GelBottle Inc.,BIAB,,Sheer,Lady,#EEDDDC,https://thegelbottle.com/colours/lady-biab/,https://cdn11.bigcommerce.com/s-3k1bxwjbw6/products/173/images/384920/a91952f2fc6bb8dac8b49b4a58ebc21345cb699e_55133_lady_biab__64393.1758289498.220.290.jpg?c=1
The GelBottle Inc.,BIAB,,"Milky, Sheer",Dreamer,#E9D1CE,https://thegelbottle.com/colours/dreamer-biab/,https://cdn11.bigcommerce.com/s-3k1bxwjbw6/products/210/images/382932/0669658e4a6b5252fb529f613067a63d277a3f49_55693_dreamer_biab__54261.1758289506.220.290.jpg?c=1
The GelBottle Inc.,BIAB,,Standard,20,#D9ADA3,https://thegelbottle.com/colours/20-biab/,https://cdn11.bigcommerce.com/s-3k1bxwjbw6/products/167/images/387695/d569e574742a992e145c41af3f5ce52bb0db389e_13074_20_cover_builder_nude__65521.1758289499.220.290.jpg?c=1
The GelBottle Inc.,BIAB,,Sheer,Clear All-In-One,#A4A1A7,https://thegelbottle.com/colours/clear-all-in-one-biab/,https://cdn11.bigcommerce.com/s-3k1bxwjbw6/products/220/images/386183/932830d7880ee754b6e1e84d53610de01be52673_55836_clear_all_in_one_biab__52684.1758289500.220.290.jpg?c=1
The GelBottle Inc.,BIAB,,Sheer,16,#F4B3AE,https://thegelbottle.com/colours/16-biab/,https://cdn11.bigcommerce.com/s-3k1bxwjbw6/products/158/images/385504/9dc2ec26a8316022d18b0be2d4f428364ec28149_25757_16_cover_builder_nude__50669.1758289498.220.290.jpg?c=1
The GelBottle Inc.,BIAB,,"Shimmery, Glitter",Aurora,#F9D5D0,https://thegelbottle.com/colours/aurora-biab/,https://cdn11.bigcommerce.com/s-3k1bxwjbw6/products/169/images/386458/8c625f1a884c3ea2a1edd8ccb2d27273eecccff5_55130_aurora_biab__97594.1758289506.220.290.jpg?c=1
The GelBottle Inc.,BIAB,,Sheer,Fleur HEMA-Free,#E9C0B7,https://thegelbottle.com/shop-all/fleur-hema-free-biab/,https://cdn11.bigcommerce.com/s-3k1bxwjbw6/products/1445/images/387391/761356dae9ccce9f846ae79b006bc54a60e64080_59230_fleur_hema_free_biab__54649.1758289493.220.290.jpg?c=1
The GelBottle Inc.,BIAB,,Standard,Fire,#7A2122,https://thegelbottle.com/more/fire-biab/,https://cdn11.bigcommerce.com/s-3k1bxwjbw6/products/1842/images/386484/b50bcc52edb5872efc5813a81980c58bd07c912a_TGB_NewBIAB24_NailPop_4345_Fire_PDP_1500x1500crop__1___30461.1758289502.220.290.jpg?c=1
The GelBottle Inc.,BIAB,,Sheer,Merci HEMA-Free,#F9C4C1,https://thegelbottle.com/shop-all/merci-hema-free-biab/,https://cdn11.bigcommerce.com/s-3k1bxwjbw6/products/1446/images/387251/b47f4d429a47aa6f52094e2927dac25e6f0a9fd8_59231_merci_hema_free_biab__11642.1758289493.220.290.jpg?c=1
The GelBottle Inc.,BIAB,,"Milky, Sheer",Snow,#E2E0DA,https://thegelbottle.com/more/snow-biab/,https://cdn11.bigcommerce.com/s-3k1bxwjbw6/products/1834/images/384220/1ef5a0f1cac5769dbe87e2bc0cbc51891bb2e19d_TGB_NewBIAB24_NailPop_4345_Snow_PDP_1500x1500crop__33540.1758289505.220.290.jpg?c=1
The GelBottle Inc.,BIAB,,"Milky, Sheer",Milky,#EDEDED,https://thegelbottle.com/colours/milky-biab/,https://cdn11.bigcommerce.com/s-3k1bxwjbw6/products/200/images/385577/b2f5e86707ff0c5b677d3e100bb71edc5e515939_58853_milky_biab__19027.1758289503.220.290.jpg?c=1
The GelBottle Inc.,BIAB,,"Shimmery, Sheer",Luna,#E3C7C3,https://thegelbottle.com/colours/luna-biab/,https://cdn11.bigcommerce.com/s-3k1bxwjbw6/products/174/images/384885/d05880d766187a91ffc4e81fcaeac03fccbc5ad0_55132_luna_biab__11402.1758289506.220.290.jpg?c=1
The GelBottle Inc.,BIAB,,Sheer,Clear,#A29FA5,https://thegelbottle.com/colours/clear-biab/,https://cdn11.bigcommerce.com/s-3k1bxwjbw6/products/143/images/384554/075823185c5ea9ff532ec64c2afe30fa0cf9142f_54985_clear_biab__08374.1758289505.220.290.jpg?c=1
The GelBottle Inc.,BIAB,,Standard,Hunny,#AF857E,https://thegelbottle.com/shop-all/hunny-biab/,https://cdn11.bigcommerce.com/s-3k1bxwjbw6/products/1495/images/385556/ceb5d22003040705ffad58a50aa6d5bb2a93b9a7_59435_hunny_biab__90081.1758289505.220.290.jpg?c=1
The GelBottle Inc.,BIAB,,Standard,Charm,#C8ACA7,https://thegelbottle.com/shop-all/charm-biab/,https://cdn11.bigcommerce.com/s-3k1bxwjbw6/products/1486/images/385035/158ec26f9288ff531f21c1083e2a9263f9b47bf3_59433_charm_biab__45716.1758289505.220.290.jpg?c=1
The GelBottle Inc.,BIAB,,Sheer,Baby,#E9B4C6,https://thegelbottle.com/colours/baby-biab/,https://cdn11.bigcommerce.com/s-3k1bxwjbw6/products/155/images/387848/57ab82ca0cbe25abb768bb21be10d4a4fed15e6f_54982_baby_biab__03098.1758289498.220.290.jpg?c=1
The GelBottle Inc.,BIAB,,Standard,Love,#C32F30,https://thegelbottle.com/shop-all/love-biab/,https://cdn11.bigcommerce.com/s-3k1bxwjbw6/products/1488/images/385253/184f304b1dcbd320d0b508feb51b1d34696360e8_59412_love_biab__78417.1758289500.220.290.jpg?c=1
The GelBottle Inc.,BIAB,,"Shimmery, Glitter",Juliet,#F3C4B7,https://thegelbottle.com/colours/juliet-biab/,https://cdn11.bigcommerce.com/s-3k1bxwjbw6/products/172/images/386197/481ca41cc194483b7eb50fcba9691d9aeeafaf88_55131_juliet_biab__40134.1758289506.220.290.jpg?c=1
The GelBottle Inc.,BIAB,,Sheer,Grace,#EACCC8,https://thegelbottle.com/biab/grace-biab/,https://cdn11.bigcommerce.com/s-3k1bxwjbw6/products/2061/images/386959/907e349790f74a25b5c32210597632d958df5e50_25002_EC_POP_GRACE_2326_1500x1500crop__60782.1758289425.220.290.png?c=1
The GelBottle Inc.,BIAB,,Sheer,Demure,#E7CBCF,https://thegelbottle.com/more/demure-biab/,https://cdn11.bigcommerce.com/s-3k1bxwjbw6/products/1841/images/386127/b0f1e0f07b33d1c1830aa7a2c348745ccec1a022_TGB_NewBIAB24_NailPop_4345_Demure_PDP_1500x1500crop__00934.1758289504.220.290.jpg?c=1
The GelBottle Inc.,BIAB,,"Shimmery, Glitter",My Boo,#EEDCDB,https://thegelbottle.com/shop-all/my-boo-biab/,https://cdn11.bigcommerce.com/s-3k1bxwjbw6/products/1491/images/385527/d48bceb4c643f2125ab07ed309fc77fdb7d8ef77_59419_my_boo_biab__21941.1758289502.220.290.jpg?c=1
The GelBottle Inc.,BIAB,Outlet 70 Off,Standard,Pudding,#6D4E44,https://thegelbottle.com/outlet-70-off/pudding-biab/,https://cdn11.bigcommerce.com/s-3k1bxwjbw6/products/188/images/384888/1266e343c2c9b5b77aeb60b6ae59ff81d312b8b1_58844_pudding_biab__39153.1758289500.220.290.jpg?c=1
The GelBottle Inc.,BIAB,,Standard,NU04 All-In-One,#E0A7A3,https://thegelbottle.com/biabtm-20ml/nu04-all-in-one-biab/,https://cdn11.bigcommerce.com/s-3k1bxwjbw6/products/183/images/385070/9e2a58286455c27dec7cbdf5a87f5c634041c415_58709_nu04_all_in_one_biab__15565.1758289500.220.290.jpg?c=1
The GelBottle Inc.,BIAB,,Standard,NU08 All-In-One,#FEC4CF,https://thegelbottle.com/biabtm-20ml/nu08-all-in-one-biab/,https://cdn11.bigcommerce.com/s-3k1bxwjbw6/products/1654/images/386338/0625b6a6b266ed3dfcbb9814e8e8c1aa3b7be500_59767_nu08_all_in_one_biab_main__50506.1758289505.220.290.jpg?c=1
The GelBottle Inc.,BIAB,,Standard,Midnight,#25324E,https://thegelbottle.com/more/midnight-biab/,https://cdn11.bigcommerce.com/s-3k1bxwjbw6/products/1838/images/385174/aeea217c78215294dcd9d48c92781e41392c25bb_TGB_NewBIAB24_NailPop_4345_Midnight_PDP_1500x1500crop__1___36487.1758289501.220.290.jpg?c=1
The GelBottle Inc.,BIAB,,Sheer,Dolly BIAB Mini,#F1D7CF,https://thegelbottle.com/colours/dolly-biab-mini/,https://cdn11.bigcommerce.com/s-3k1bxwjbw6/products/789/images/387843/8a6adaaf315ed8f287a6cca5496fb0bf1a1cf537_56248_dolly_mini__05142.1758289518.220.290.jpg?c=1
The GelBottle Inc.,BIAB,,Standard,Cupcake,#E9DAD0,https://thegelbottle.com/colours/cupcake-biab/,https://cdn11.bigcommerce.com/s-3k1bxwjbw6/products/195/images/384111/08903bb8866766657fdf29d8f3e7ded22497c553_58852_cupcake_biab__70939.1758289502.220.290.jpg?c=1
The GelBottle Inc.,BIAB,,Glitter,Queen,#BBACAD,https://thegelbottle.com/shop-all/queen-biab/,https://cdn11.bigcommerce.com/s-3k1bxwjbw6/products/1496/images/386045/136a41f13c65cebd31b9d9874609311658aaecf3_59425_queen_biab__14506.1758289503.220.290.jpg?c=1
The GelBottle Inc.,BIAB,Outlet 70 Off,Standard,Chai,#D08B7D,https://thegelbottle.com/outlet-70-off/chai-biab/,https://cdn11.bigcommerce.com/s-3k1bxwjbw6/products/190/images/385693/f7855db80b77baa401736eaccc2d9a1dcf4fec08_58847_chai_biab__89946.1758289501.220.290.jpg?c=1
The GelBottle Inc.,BIAB,,Standard,Baked,#D1A28F,https://thegelbottle.com/colours/baked-biab/,https://cdn11.bigcommerce.com/s-3k1bxwjbw6/products/191/images/386722/534fd1a3ad502555747b7251dd828979218b3ebe_58848_baked_biab__38875.1758289501.220.290.jpg?c=1
The GelBottle Inc.,BIAB,,Standard,Cutie,#F8BEDA,https://thegelbottle.com/shop-all/cutie-biab/,https://cdn11.bigcommerce.com/s-3k1bxwjbw6/products/1494/images/385950/623402ec63cd5a9535ce05bef7895eefbf7ee120_59430_cutie_biab__16445.1758289504.220.290.jpg?c=1
The GelBottle Inc.,BIAB,,Glitter,Sugar,#FAC6CD,https://thegelbottle.com/shop-all/sugar-biab/,https://cdn11.bigcommerce.com/s-3k1bxwjbw6/products/1492/images/386356/de0dae06d5b98999178f9892a0571ec6a316c3f8_59422_sugar_biab__61304.1758289502.220.290.jpg?c=1
The GelBottle Inc.,BIAB,,Standard,NU07 All-In-One,#F1E0E2,https://thegelbottle.com/biabtm-20ml/nu07-all-in-one-biab/,https://cdn11.bigcommerce.com/s-3k1bxwjbw6/products/1653/images/385896/f47f94961c59ac1c27faeecb4ae94fe03f6764d9_59766_nu07_all_in_one_biab_main__22005.1758289504.220.290.jpg?c=1
The GelBottle Inc.,BIAB,,Sheer,Mindful,#ECC4CF,https://thegelbottle.com/more/mindful-biab/,https://cdn11.bigcommerce.com/s-3k1bxwjbw6/products/1835/images/384259/1b85d605593b9ec2e5b397afe6f5099e7583180a_TGB_NewBIAB24_NailPop_4345_Mindful_PDP_1500x1500crop__53023.1758289505.220.290.jpg?c=1
The GelBottle Inc.,BIAB,,Standard,Spirited,#E7BBB2,https://thegelbottle.com/colours/spirited-biab/,https://cdn11.bigcommerce.com/s-3k1bxwjbw6/products/204/images/383183/e5719b5b1ce40522c743857a5bc5068a822fad6b_55637_spirited_biab__06844.1758289505.220.290.jpg?c=1
The GelBottle Inc.,BIAB,,Standard,Powerful,#B66F81,https://thegelbottle.com/colours/powerful-biab/,https://cdn11.bigcommerce.com/s-3k1bxwjbw6/products/212/images/384389/1e67895f56878383d1c8ed79b01883f27055fec0_55651_powerful_biab__85193.1758289499.220.290.jpg?c=1
The GelBottle Inc.,BIAB,,Standard,Kind,#E29EA5,https://thegelbottle.com/colours/kind-biab/,https://cdn11.bigcommerce.com/s-3k1bxwjbw6/products/241/images/385506/bf02b8abd4268d9d231454aebd571020682b08cb_55644_kind_biab__43926.1758289499.220.290.jpg?c=1
The GelBottle Inc.,BIAB,,Sheer,Ballet HEMA-Free,#F7E0DD,https://thegelbottle.com/shop-all/ballet-hema-free-biab/,https://cdn11.bigcommerce.com/s-3k1bxwjbw6/products/1447/images/386688/3cabd482d55e5891a5cba6bf9af7985a83c5ccf8_59233_ballet_hema_free_biab__70152.1758289493.220.290.jpg?c=1
The GelBottle Inc.,BIAB,,Standard,Peachy,#F7B49B,https://thegelbottle.com/more/peachy-biab/,https://cdn11.bigcommerce.com/s-3k1bxwjbw6/products/1843/images/386988/0b0cc68994013ddf98f6cda3f89309ed492ce22b_TGB_NewBIAB24_NailPop_4345_Peachy_PDP_1500x1500crop__64868.1758289504.220.290.jpg?c=1
The GelBottle Inc.,BIAB,,Milky,White,#A29FA5,https://thegelbottle.com/colours/white-biab/,https://cdn11.bigcommerce.com/s-3k1bxwjbw6/products/148/images/386404/4c63419735170755b52c5175f941c9e058c359bb_41939_white_builder_in_a_bottle__11660.1758289505.220.290.jpg?c=1
The GelBottle Inc.,BIAB,,Sheer,Teddy BIAB Mini,#E6B1AC,https://thegelbottle.com/colours/teddy-biab-mini/,https://cdn11.bigcommerce.com/s-3k1bxwjbw6/products/790/images/385305/3d7d9b1acec4a177ad2f26e50ed33d870b7483fa_56255_teddy_mini__76047.1758289504.220.290.jpg?c=1
The GelBottle Inc.,BIAB,,Sheer,Bebe HEMA-Free,#F9C8CF,https://thegelbottle.com/shop/bebe-hema-free-biab/,https://cdn11.bigcommerce.com/s-3k1bxwjbw6/products/1539/images/387372/f5c848ec8028a8336d132ff4efebfe06e66a3778_59638_bebe_hema_free_biab__76443.1758289495.220.290.jpg?c=1
The GelBottle Inc.,BIAB,,"Sheer, Shimmery",Bubble,#F7D4DB,https://thegelbottle.com/more/bubble-biab/,https://cdn11.bigcommerce.com/s-3k1bxwjbw6/products/1839/images/385606/c588b4d65db636a125c682621178f485dc771632_TGB_NewBIAB24_NailPop_4345_Bubble_PDP_1500x1500crop__13773.1758289503.220.290.jpg?c=1
The GelBottle Inc.,BIAB,,Sheer,Jolie HEMA-Free,#EAC2BB,https://thegelbottle.com/shop-all/jolie-hema-free-biab/,https://cdn11.bigcommerce.com/s-3k1bxwjbw6/products/1443/images/384295/d5cbb33b7a2094676ee3d2a8fd473fdfae6dfce3_59227_jolie_hema_free_biab__77776.1758289492.220.290.jpg?c=1
The GelBottle Inc.,BIAB,,Standard,Evergreen,#314A3B,https://thegelbottle.com/more/evergreen-biab/,https://cdn11.bigcommerce.com/s-3k1bxwjbw6/products/1836/images/384611/16ffb2090a13f2d6c7b6cbe0cd641a47970f32a2_TGB_NewBIAB24_NailPop_4345_Evergreen_PDP_1500x1500crop__1___73277.1758289501.220.290.jpg?c=1
The GelBottle Inc.,BIAB,,Shimmery,Jello,#C7B9CC,https://thegelbottle.com/more/jello-biab/,https://cdn11.bigcommerce.com/s-3k1bxwjbw6/products/1951/images/386178/02dd8a4094f9b4cb87eb9d75c4b5b1313212d136_01_25004_EC_POP_2335_JELLO_FINAL_1500x1500CROP__39697.1758289441.220.290.jpg?c=1
The GelBottle Inc.,BIAB,,Standard,NU01 All-In-One,#E9BEA9,https://thegelbottle.com/biabtm-20ml/nu01-all-in-one-biab/,https://cdn11.bigcommerce.com/s-3k1bxwjbw6/products/176/images/386453/fc0466fe55a18bd02478ff8190204682fabcd0ec_58703_nu01_all_in_one_biab__90127.1758289498.220.290.jpg?c=1
The GelBottle Inc.,BIAB,,Sheer,Zen,#C9B6B2,https://thegelbottle.com/shop-all/zen-biab/,https://cdn11.bigcommerce.com/s-3k1bxwjbw6/products/1906/images/383943/f7bed4e928d987531c8ba2f930b9e05d715f4f4e_25002_EC_POP_ZEN_2321_1500x1500crop__47649.1758289428.220.290.png?c=1
The GelBottle Inc.,BIAB,,Shimmery,Angel,#E9E4DF,https://thegelbottle.com/shop-all/angel-biab/,https://cdn11.bigcommerce.com/s-3k1bxwjbw6/products/1487/images/387707/b347ec04c28c7e3a5ba4984d5d9a8ec11f5436dc_59416_angel_biab__21663.1758289501.220.290.jpg?c=1
The GelBottle Inc.,BIAB,Biab 20Ml,Sheer,Soft BIAB.,#EFE0DC,https://thegelbottle.com/biab-20ml/soft-biab/,https://cdn11.bigcommerce.com/s-3k1bxwjbw6/products/2170/images/386664/b3bce6a05be0b43d56280a33b480a1eee3d6bad2_25002_EC_POP_SOFT_2323_1500x1500crop__59336.1758289428.220.290.png?c=1
The GelBottle Inc.,BIAB,,"Shimmery, Sheer",NU06 All-In-One,#F5D8D5,https://thegelbottle.com/biabtm-20ml/nu06-all-in-one-biab/,https://cdn11.bigcommerce.com/s-3k1bxwjbw6/products/1652/images/387641/c1f7e1e67bcd24e28ef099aaca9e914520750947_59763_nu06_all_in_one_biab_main__37957.1758289348.220.290.jpg?c=1
The GelBottle Inc.,BIAB,,Sheer,Bella,#E4D9DE,https://thegelbottle.com/shop-all/bella-biab/,https://cdn11.bigcommerce.com/s-3k1bxwjbw6/products/1490/images/383906/2c61d94d633c81d3d9a580fe18a856c27d58f78e_59428_bella_biab__50936.1758289503.220.290.jpg?c=1
The GelBottle Inc.,BIAB,,Standard,Rosy,#F691A4,https://thegelbottle.com/more/rosy-biab/,https://cdn11.bigcommerce.com/s-3k1bxwjbw6/products/1837/images/385215/016096fecfeb200253e449e7e49c836904815fa1_TGB_NewBIAB24_NailPop_4345_Rosey_PDP_1500x1500crop__65491.1758289504.220.290.jpg?c=1
The GelBottle Inc.,BIAB,,Standard,Adventurous,#DC95B6,https://thegelbottle.com/colours/adventurous-biab/,https://cdn11.bigcommerce.com/s-3k1bxwjbw6/products/219/images/386570/b70a90aea78c37279319c67c8b125a13d03b6317_55686_adventurous_biab__49384.1758289500.220.290.jpg?c=1
The GelBottle Inc.,BIAB,,Sheer,17,#E1BCA1,https://thegelbottle.com/colours/17-biab/,https://cdn11.bigcommerce.com/s-3k1bxwjbw6/products/161/images/387647/8ad542c53544d14116298c77c64df8a5d493cfd3_13075_17_cover_builder_nude__45163.1758289499.220.290.jpg?c=1
The GelBottle Inc.,BIAB,Biab 20Ml,Sheer,Kiss BIAB.,#F2D7DF,https://thegelbottle.com/biab-20ml/kiss-biab/,https://cdn11.bigcommerce.com/s-3k1bxwjbw6/products/2169/images/387065/669a96657e2cc95456e1aa86095f64d7af82329f_25002_EC_POP_KISS_2319_1500x1500crop__29836.1758289425.220.290.png?c=1
The GelBottle Inc.,BIAB,,Standard,Love BIAB Mini,#C32F30,https://thegelbottle.com/shop/biab/love-biab-mini/,https://cdn11.bigcommerce.com/s-3k1bxwjbw6/products/1641/images/385369/4a0493c936ea8f4f64fedb2042c938c7bbb403bd_59580_love_biab_mini__24492.1758289506.220.290.jpg?c=1
The GelBottle Inc.,BIAB,,Standard,Pudding BIAB Mini,#6D4E44,https://thegelbottle.com/colours/pudding-biab-mini/,https://cdn11.bigcommerce.com/s-3k1bxwjbw6/products/797/images/385962/4351bd70ceb3111c8f61e26532cc126ccbb55885_58854_pudding_biab_mini__05421.1758289494.220.290.jpg?c=1
The GelBottle Inc.,BIAB,,"Milky, Sheer",Bunny BIAB Mini,#F6E6E3,https://thegelbottle.com/shop/biab/bunny-biab-mini/,https://cdn11.bigcommerce.com/s-3k1bxwjbw6/products/1643/images/385537/f9d0e4c5915937a60119205d0a0c1882e8f8dd58_59583_bunny_biab_mini__68674.1758289507.220.290.jpg?c=1
The GelBottle Inc.,BIAB,,Standard,Tulle HEMA-Free,#D6968B,https://thegelbottle.com/shop-all/tulle-hema-free-biab/,https://cdn11.bigcommerce.com/s-3k1bxwjbw6/products/1444/images/386483/5994e52aea6c787cd026837117a6b4831f05506b_59229_tulle_hema_free_biab__61417.1758289492.220.290.jpg?c=1
The GelBottle Inc.,BIAB,,Standard,Unique,#D3BFD9,https://thegelbottle.com/colours/unique-biab/,https://cdn11.bigcommerce.com/s-3k1bxwjbw6/products/207/images/384929/18cfaf2298471adb2e8af746ea5a8cd81716723b_55672_unique_biab__71010.1758289505.220.290.jpg?c=1
The GelBottle Inc.,BIAB,,Standard,Lady BIAB Mini,#EFDDDC,https://thegelbottle.com/colours/lady-biab-mini/,https://cdn11.bigcommerce.com/s-3k1bxwjbw6/products/796/images/385870/cd017f8ebfb933935d69a72eb4ca117b2763237b_57130_lady_mini__63504.1758289494.220.290.jpg?c=1
The GelBottle Inc.,BIAB,,"Shimmery, Sheer",Whisper,#DED4CF,https://thegelbottle.com/shop-all/whisper-biab/,https://cdn11.bigcommerce.com/s-3k1bxwjbw6/products/1908/images/384364/cae262d8872a776d793d1795ff70584be4bb6825_25002_EC_POP_WHISPER_2317_1500x1500crop__15203.1758289430.220.290.png?c=1
The GelBottle Inc.,BIAB,,"Glitter, Shimmery",Sugar BIAB Mini,#FAC6CD,https://thegelbottle.com/shop/biab/sugar-biab-mini/,https://cdn11.bigcommerce.com/s-3k1bxwjbw6/products/1625/images/383018/883355e5eb228da6945517bdaf3db8553736add1_59592_sugar_biab_mini__19216.1758289500.220.290.jpg?c=1
The GelBottle Inc.,BIAB,,Standard,Toffee,#CE9A82,https://thegelbottle.com/colours/toffee-biab/,https://cdn11.bigcommerce.com/s-3k1bxwjbw6/products/194/images/385054/c28e64dcb5db96bb307157b36c868591ce8f0a93_58849_toffee_biab__57339.1758289502.220.290.jpg?c=1
The GelBottle Inc.,BIAB,,Shimmery,Aura,#EBECEB,https://thegelbottle.com/shop-all/aura-biab/,https://cdn11.bigcommerce.com/s-3k1bxwjbw6/products/1911/images/386257/9ac72215fa47fbf6be2c77d61b764bc469f78779_25002_EC_POP_AURA_2318_1500x1500crop__56260.1758289429.220.290.png?c=1
The GelBottle Inc.,BIAB,,"Shimmery, Glitter",My Boo BIAB Mini,#EEDCDB,https://thegelbottle.com/shop/biab/my-boo-biab-mini/,https://cdn11.bigcommerce.com/s-3k1bxwjbw6/products/1639/images/385288/037ecd27fd6d2cfa95821afb042f7d0f5a4c224f_59589_my_boo_biab_mini__91239.1758289500.220.290.jpg?c=1
The GelBottle Inc.,BIAB,,Sheer,19 BIAB Mini,#E6BDAE,https://thegelbottle.com/colours/19-biab-mini/,https://cdn11.bigcommerce.com/s-3k1bxwjbw6/products/794/images/386299/2f3651a9e0fc6c7b7855acab01ac4b156bfc1920_56283_19_biab_mini__84460.1758289505.220.290.jpg?c=1
The GelBottle Inc.,BIAB,,Standard,Slate,#3B3B3D,https://thegelbottle.com/more/slate-biab/,https://cdn11.bigcommerce.com/s-3k1bxwjbw6/products/1844/images/387166/79ea630283d66fdac7397f46f951f37fdc0affc7_TGB_NewBIAB24_NailPop_4345_Slate_PDP_1500x1500crop__21383.1758289502.220.290.jpg?c=1
The GelBottle Inc.,BIAB,,"Shimmery, Sheer",Dewy,#D8CBBF,https://thegelbottle.com/shop-all/dewy-biab/,https://cdn11.bigcommerce.com/s-3k1bxwjbw6/products/1907/images/384341/2d4c511408e2f132918d5f07d46748a4501903a6_25002_EC_POP_DEWY_2329_1500x1500crop__75024.1758289429.220.290.png?c=1
The GelBottle Inc.,BIAB,,Sheer,Bonbon HEMA-Free,#F7E7E1,https://thegelbottle.com/shop/bonbon-hema-free-biab/,https://cdn11.bigcommerce.com/s-3k1bxwjbw6/products/1531/images/383728/f221dfb5e861959e163400c6e6c11058e38588eb_59637_bonbon_hema_free_biab__18159.1758289494.220.290.jpg?c=1
The GelBottle Inc.,BIAB,,Sheer,Baby BIAB Mini,#E9B4C6,https://thegelbottle.com/colours/baby-biab-mini/,https://cdn11.bigcommerce.com/s-3k1bxwjbw6/products/791/images/385502/321f9c4b7f5fe22c4e1130fbec4d8b1b15c0d137_56262_baby_mini__64265.1758289504.220.290.jpg?c=1
The GelBottle Inc.,BIAB,,Sheer,18 BIAB Mini,#CF9C93,https://thegelbottle.com/colours/18-biab-mini/,https://cdn11.bigcommerce.com/s-3k1bxwjbw6/products/793/images/385573/f0cd7a6e884a9e21d11481e857b74242c793dae9_56276_18_biab_mini__24247.1758289505.220.290.jpg?c=1
The GelBottle Inc.,BIAB,,Sheer,Choux HEMA-Free,#C8ACA7,https://thegelbottle.com/shop/choux-hema-free-biab/,https://cdn11.bigcommerce.com/s-3k1bxwjbw6/products/1540/images/383501/6eb76405e85e31a7db105e8b145a85cb43fd0322_59639_choux_hema_free_biab__59182.1758289495.220.290.jpg?c=1
The GelBottle Inc.,BIAB,,Standard,Sorbet,#F1EEC5,https://thegelbottle.com/more/sorbet-biab/,https://cdn11.bigcommerce.com/s-3k1bxwjbw6/products/1950/images/384520/7a53431f3c3e9877c159fa8ae7c971003c20e0c1_01_25004_EC_POP_2331_SORBET_FINAL_1500x1500CROP__47345.1758289441.220.290.jpg?c=1
The GelBottle Inc.,BIAB,,"Milky, Sheer",Au Lait HEMA-Free,#EFEFE4,https://thegelbottle.com/shop-all/au-lait-hema-free-biab/,https://cdn11.bigcommerce.com/s-3k1bxwjbw6/products/1448/images/387169/542fa8e14d526551d6a3e6b42c145d1cb8946b0d_59235_au_lait_hema_free_biab__44944.1758289494.220.290.jpg?c=1
The GelBottle Inc.,BIAB,,Standard,Lollipop,#FEA689,https://thegelbottle.com/more/lollipop-biab/,https://cdn11.bigcommerce.com/s-3k1bxwjbw6/products/1949/images/384052/87dc8c8a422df38d4bb77c2a5ea2dc8fc0353797_01_25004_EC_POP_2336_LOLLIPOP_FINAL_1500x1500CROP__31743.1758289440.220.290.jpg?c=1
The GelBottle Inc.,BIAB,,Standard,Hunny BIAB Mini,#AF857E,https://thegelbottle.com/shop/biab/hunny-biab-mini/,https://cdn11.bigcommerce.com/s-3k1bxwjbw6/products/1628/images/387058/cea2407808ab8d353c70e41d6c3cf86dc4d51e60_59598_hunny_biab_mini__05341.1758289503.220.290.jpg?c=1
The GelBottle Inc.,BIAB,,Standard,Slushy,#D7F0F0,https://thegelbottle.com/more/slushy-biab/,https://cdn11.bigcommerce.com/s-3k1bxwjbw6/products/1952/images/384085/b8f836b7806ee1abb2b14c01ec5583ddb768c83f_01_25004_EC_POP_2333_SLUSHY_FINAL_1500x1500CROP__07196.1758289439.220.290.jpg?c=1
The GelBottle Inc.,BIAB,,Sheer,Ballet HEMA-Free BIAB Mini,#F7E0DD,https://thegelbottle.com/shop/biab/ballet-hema-free-biab-mini/,https://cdn11.bigcommerce.com/s-3k1bxwjbw6/products/1633/images/387381/941f61df735df272ade26af91c8f9f35d4e5c24b_59785_ballet_mini__00423.1758289415.220.290.jpg?c=1
The GelBottle Inc.,BIAB,,"Milky, Sheer",Meringue HEMA-Free,#EDEDED,https://thegelbottle.com/shop/meringue-hema-free-biab/,https://cdn11.bigcommerce.com/s-3k1bxwjbw6/products/1533/images/387623/bf1f2622df894aa59e720e139e10eeca71e22dc1_59634_meringue_hema_free_biab__83050.1758289499.220.290.jpg?c=1
The GelBottle Inc.,BIAB,,Shimmery,Juliet BIAB Mini,#F3C4B7,https://thegelbottle.com/colours/juliet-biab-mini/,https://cdn11.bigcommerce.com/s-3k1bxwjbw6/products/795/images/387783/941de83ae10e08dac4851a4569c8ca33625a6c2c_57123_juliet_mini__88855.1758289490.220.290.jpg?c=1
The GelBottle Inc.,BIAB,,Sheer,Jolie HEMA-Free BIAB Mini,#EAC2BB,https://thegelbottle.com/shop/biab/jolie-hema-free-biab-mini/,https://cdn11.bigcommerce.com/s-3k1bxwjbw6/products/1636/images/387861/1bf3687b5a6fdfb66eb101d7ea66e9eeb7e5c08b_59791_jolie_hema_free_biab_mini__18533.1758289505.220.290.jpg?c=1
The GelBottle Inc.,BIAB,,Standard,Toffee BIAB Mini,#CE9A82,https://thegelbottle.com/colours/toffee-biab-mini/,https://cdn11.bigcommerce.com/s-3k1bxwjbw6/products/800/images/384281/4288445f175f45d62d1c26152fecdf7c43573d5c_58858_toffee_biab_mini__75094.1758289495.220.290.jpg?c=1
The GelBottle Inc.,BIAB,,Sheer,Cutie BIAB Mini,#F8BEDA,https://thegelbottle.com/shop/biab/cutie-biab-mini/,https://cdn11.bigcommerce.com/s-3k1bxwjbw6/products/1626/images/384800/5ea676ab29a62b00174b0f67f862d62c4cf940fb_59594_cutie_biab_mini__77566.1758289502.220.290.jpg?c=1
The GelBottle Inc.,BIAB,,Standard,Baked BIAB Mini,#D1A28F,https://thegelbottle.com/colours/baked-biab-mini/,https://cdn11.bigcommerce.com/s-3k1bxwjbw6/products/799/images/384576/4f049c150ed2686e86144d462adfe9ee985b4209_58856_baked_biab_mini__44808.1758289495.220.290.jpg?c=1
The GelBottle Inc.,BIAB,,Standard,Cupcake BIAB Mini,#E9DAD0,https://thegelbottle.com/colours/cupcake-biab-mini/,https://cdn11.bigcommerce.com/s-3k1bxwjbw6/products/801/images/382807/39488a86a3adb4915abee876e04223db78515167_58861_cupcake_biab_mini__30115.1758289496.220.290.jpg?c=1
The GelBottle Inc.,BIAB,,Sheer,Merci HEMA-Free BIAB Mini,#F9C4C1,https://thegelbottle.com/shop/biab/merci-hema-free-biab-mini/,https://cdn11.bigcommerce.com/s-3k1bxwjbw6/products/1629/images/386745/7025e2bc80088ac9409f07d1d4cd5e93facf90d9_59787_merci_mini__24093.1758289506.220.290.jpg?c=1
The GelBottle Inc.,BIAB,,Standard,Minty,#D7F8CA,https://thegelbottle.com/more/minty-biab/,https://cdn11.bigcommerce.com/s-3k1bxwjbw6/products/1954/images/387249/64259436dcfe07a88f0de501cabb975e65f4eaf1_01_25004_EC_POP_2330_MINTY_FINAL_1500x1500CROP__33523.1758289440.220.290.jpg?c=1
The GelBottle Inc.,BIAB,,Sheer,Choux HEMA-Free BIAB Mini,#C8ACA7,https://thegelbottle.com/shop/biab/choux-hema-free-biab-mini/,https://cdn11.bigcommerce.com/s-3k1bxwjbw6/products/1630/images/384982/ad162243dc30d18aa1b34ae5da98bc35ddb2fbff_59776_choux_hema_free_biab_mini__13837.1758289494.220.290.jpg?c=1
The GelBottle Inc.,BIAB,,Milky,White BIAB Mini,#A19EA4,https://thegelbottle.com/colours/white-biab-mini/,https://cdn11.bigcommerce.com/s-3k1bxwjbw6/products/788/images/384928/492cd9e40b0887ac419bfb8c19b755dcbc999e34_56171_white_biab_mini__66758.1758289494.220.290.jpg?c=1
The GelBottle Inc.,BIAB,,Sheer,17 BIAB Mini,#E1BCA1,https://thegelbottle.com/colours/17-biab-mini/,https://cdn11.bigcommerce.com/s-3k1bxwjbw6/products/792/images/387444/8aa6086510702cadccdf780ae5426ff30a127cb9_56269_17_biab_mini__46350.1758289504.220.290.jpg?c=1
The GelBottle Inc.,BIAB,,Standard,Ambitious,#D08A80,https://thegelbottle.com/colours/ambitious-biab/,https://cdn11.bigcommerce.com/s-3k1bxwjbw6/products/215/images/386130/5ecd33f4dcd9871b31fe756b9d1e90b65fbf474a_55679_ambitious_biab__40218.1758289499.220.290.jpg?c=1
The GelBottle Inc.,BIAB,,Standard,Chai BIAB Mini,#D08B7D,https://thegelbottle.com/colours/chai-biab-mini/,https://cdn11.bigcommerce.com/s-3k1bxwjbw6/products/798/images/385380/894008314a96f37af30c5fa41c3a4d41788a331c_58855_chai_biab_mini__43819.1758289494.220.290.jpg?c=1
The GelBottle Inc.,BIAB,,"Sheer, Milky",Bella BIAB Mini,#E4D9DE,https://thegelbottle.com/shop/biab/bella-biab-mini/,https://cdn11.bigcommerce.com/s-3k1bxwjbw6/products/1631/images/387031/6a69c29bace3f553e03d5d97ebbd1bd3a6a98a1d_59597_bella_biab_mini__39260.1758289501.220.290.jpg?c=1
The GelBottle Inc.,BIAB,,Sheer,Fleur HEMA-Free BIAB Mini,#E9C0B7,https://thegelbottle.com/shop/biab/fleur-hema-free-biab-mini/,https://cdn11.bigcommerce.com/s-3k1bxwjbw6/products/1623/images/383592/82c7e9cc37bd87a966abc0ef6d4cc78df8c91c2a_59788_fleur_mini__05840.1758289506.220.290.jpg?c=1
The GelBottle Inc.,BIAB,,Sheer,Bonbon HEMA-Free BIAB Mini,#F7E6E2,https://thegelbottle.com/shop/biab/bonbon-hema-free-biab-mini/,https://cdn11.bigcommerce.com/s-3k1bxwjbw6/products/1624/images/387405/2714467f982aff0c562d049c77e143c29297471b_59773_bonbon_hema_free_biab_mini__16899.1758289508.220.290.jpg?c=1
The GelBottle Inc.,BIAB,,"Glitter, Shimmery",Queen BIAB Mini,#BBACAD,https://thegelbottle.com/shop/biab/queen-biab-mini/,https://cdn11.bigcommerce.com/s-3k1bxwjbw6/products/1632/images/385317/dda4a14028d01b34cc341c41e324797a26b89d1d_59593_queen_biab_mini__46502.1758289501.220.290.jpg?c=1
The GelBottle Inc.,BIAB,,Sheer,Charm BIAB Mini,#C8ACA7,https://thegelbottle.com/shop/biab/charm-biab-mini/,https://cdn11.bigcommerce.com/s-3k1bxwjbw6/products/1627/images/386311/2e0e8971e8634070fd6afd634252022b62ffe5f6_59596_charm_biab_mini__97656.1758289503.220.290.jpg?c=1
The GelBottle Inc.,BIAB,,"Shimmery, Glitter",Mistletoe BIAB Mini,#B5DEA3,https://thegelbottle.com/shop-all/minis/mistletoe-biab-mini/,https://cdn11.bigcommerce.com/s-3k1bxwjbw6/products/1453/images/386976/03c9d4918d2666c3dcf15b9f6dec97ce6d10e7b7_59252_mistletoe_biab_mini__82562.1758289497.220.290.jpg?c=1
The GelBottle Inc.,BIAB,,"Shimmery, Glitter",Angel BIAB Mini,#E9E4DF,https://thegelbottle.com/shop/biab/angel-biab-mini/,https://cdn11.bigcommerce.com/s-3k1bxwjbw6/products/1640/images/383370/5e85823bf590f0e75154c9e8cbaed4b8d98b4fed_59586_angel_biab_mini__86668.1758289499.220.290.jpg?c=1
The GelBottle Inc.,BIAB,,"Milky, Sheer",Meringue HEMA-Free BIAB Mini,#EDEDED,https://thegelbottle.com/shop/biab/meringue-hema-free-biab-mini/,https://cdn11.bigcommerce.com/s-3k1bxwjbw6/products/1638/images/386121/c349b6a32f4c3779b4d8f2901178788de31f0165_59770_meringue_hema_free_biab_mini__17244.1758289494.220.290.jpg?c=1
The GelBottle Inc.,BIAB,,Standard,Tulle HEMA-Free BIAB Mini,#D6968B,https://thegelbottle.com/shop/biab/tulle-hema-free-biab-mini/,https://cdn11.bigcommerce.com/s-3k1bxwjbw6/products/1622/images/386354/48cd7ed2284cc05a25cad5b18f81f594a658d530_59789_tulle_mini__11901.1758289505.220.290.jpg?c=1
The GelBottle Inc.,BIAB,,"Milky, Sheer",Au Lait HEMA-Free BIAB Mini,#EFEFE4,https://thegelbottle.com/shop/biab/au-lait-hema-free-biab-mini/,https://cdn11.bigcommerce.com/s-3k1bxwjbw6/products/1634/images/384367/948584ca3590b68f8dceb3b4e71187f0f7aa103a_59784_au_lait_mini__83245.1758289507.220.290.jpg?c=1
The GelBottle Inc.,BIAB,,"Shimmery, Glitter",Enchanting,#C8B9C5,https://thegelbottle.com/colours/enchanting-biab/,https://cdn11.bigcommerce.com/s-3k1bxwjbw6/products/197/images/386282/203ce5610e7df942377a54c4f95b77bacbcffbb3_58958_enchanting_biab__21192.1758289503.220.290.jpg?c=1
The GelBottle Inc.,BIAB,,Standard,Passionate,#E1575F,https://thegelbottle.com/colours/passionate-biab/,https://cdn11.bigcommerce.com/s-3k1bxwjbw6/products/230/images/384824/cf7fd8bdd873de666cc87abcd0053fa7ba4733e6_55665_passionate_biab__92738.1758289499.220.290.jpg?c=1
The GelBottle Inc.,BIAB,,Standard,NU03 All-In-One,#ECBBB6,https://thegelbottle.com/biabtm-20ml/nu03-all-in-one-biab/,https://cdn11.bigcommerce.com/s-3k1bxwjbw6/products/181/images/384250/529582848d88215ce400159ba30a79717602407c_58708_nu03_all_in_one_biab__07843.1758289499.220.290.jpg?c=1
The GelBottle Inc.,BIAB,,Sheer,Cloud,#EDE8E5,https://thegelbottle.com/shop-all/cloud-biab/,https://cdn11.bigcommerce.com/s-3k1bxwjbw6/products/1904/images/384943/d923b5025742423600582daf6dc474614beca896_Medium_25002_EC_POP_CLOUD_2330_1500x1500crop__60079.1758289441.220.290.jpg?c=1
The GelBottle Inc.,BIAB,,Standard,NU02 All-In-One,#EEB7B9,https://thegelbottle.com/biabtm-20ml/nu02-all-in-one-biab/,https://cdn11.bigcommerce.com/s-3k1bxwjbw6/products/179/images/385692/6014222d5ffb59c645cf286ca741b4660b3aa21f_58705_nu02_all_in_one_biab__91596.1758289499.220.290.jpg?c=1
The GelBottle Inc.,BIAB,,"Milky, Sheer",Milky BIAB Mini,#EDEDED,https://thegelbottle.com/colours/milky-biab-mini/,https://cdn11.bigcommerce.com/s-3k1bxwjbw6/products/802/images/383996/86973b8d824d418b643b7f3b759f491d33533cc4_58862_milky_biab_mini__42792.1758289496.220.290.jpg?c=1
The GelBottle Inc.,BIAB,,"Shimmery, Glitter",Wonderland BIAB Mini,#BDE7D3,https://thegelbottle.com/shop-all/minis/wonderland-biab-mini/,https://cdn11.bigcommerce.com/s-3k1bxwjbw6/products/1456/images/387347/a4b5b16c27333c8f54bd2f133db2e3e097baa876_59256_wonderland_biab_mini__70732.1758289498.220.290.jpg?c=1
The GelBottle Inc.,BIAB,,"Shimmery, Glitter",Snow Angel BIAB Mini,#D8D9D6,https://thegelbottle.com/shop-all/minis/snow-angel-biab-mini/,https://cdn11.bigcommerce.com/s-3k1bxwjbw6/products/1449/images/385628/9f11d336beba336e8ba25dae900422bafb36fca2_59244_snow_angel_biab_mini__93141.1758289496.220.290.jpg?c=1
The GelBottle Inc.,BIAB,,Sheer,Soft,#EFE0DC,https://thegelbottle.com/shop-all/soft-biab/,https://cdn11.bigcommerce.com/s-3k1bxwjbw6/products/1912/images/387658/b3bce6a05be0b43d56280a33b480a1eee3d6bad2_25002_EC_POP_SOFT_2323_1500x1500crop__85024.1758289428.220.290.png?c=1
The GelBottle Inc.,BIAB,,Standard,Fancy BIAB -,#F3D6D7,https://thegelbottle.com/more/fancy-biab/,https://cdn11.bigcommerce.com/s-3k1bxwjbw6/products/1953/images/386689/e92658ffcba3bdefc5dbf0e65e78c40d785d32a9_01_25004_EC_POP_2334_FANCY_FINAL_1500x1500CROP__89500.1758289439.220.290.jpg?c=1
The GelBottle Inc.,BIAB,,Sheer,Kiss,#F2D7DF,https://thegelbottle.com/shop-all/kiss-biab/,https://cdn11.bigcommerce.com/s-3k1bxwjbw6/products/1905/images/383338/669a96657e2cc95456e1aa86095f64d7af82329f_25002_EC_POP_KISS_2319_1500x1500crop__73164.1758289442.220.290.png?c=1
The GelBottle Inc.,BIAB,,Sheer,Clear BIAB Mini,#A19EA4,https://thegelbottle.com/colours/clear-biab-mini/,https://cdn11.bigcommerce.com/s-3k1bxwjbw6/products/787/images/387784/e6ce5599e2d28b62d96be2cd0bb7d18c4d6182d5_56164_clear_biab_mini__38025.1758289493.220.290.jpg?c=1
The GelBottle Inc.,BIAB,,"Shimmery, Glitter",Sugar Rush BIAB Mini,#EEBFCD,https://thegelbottle.com/shop-all/minis/sugar-rush-biab-mini/,https://cdn11.bigcommerce.com/s-3k1bxwjbw6/products/1455/images/384819/ecf7ee4eda05e172bc8dae05de33e66f0d42b5e2_59255_sugar_rush_biab_mini__04505.1758289497.220.290.jpg?c=1
The GelBottle Inc.,BIAB,,Shimmery,Tinsel Town BIAB Mini,#C8B9C5,https://thegelbottle.com/shop-all/minis/tinsel-town-biab-mini/,https://cdn11.bigcommerce.com/s-3k1bxwjbw6/products/1451/images/383527/12451a3eba3ed8e1579d17d45cdfd341c32c8986_59248_tinsel_town_biab_mini__42937.1758289497.220.290.jpg?c=1
The GelBottle Inc.,BIAB,,Sheer,Grace BIAB - OLD,#EACCC8,https://thegelbottle.com/shop-all/grace-biab/,https://cdn11.bigcommerce.com/s-3k1bxwjbw6/products/1909/images/384028/907e349790f74a25b5c32210597632d958df5e50_25002_EC_POP_GRACE_2326_1500x1500crop__85828.1758289429.220.290.png?c=1
The GelBottle Inc.,BIAB,,"Shimmery, Glitter",Oh Deer BIAB Mini,#C8BBBB,https://thegelbottle.com/shop-all/minis/oh-deer-biab-mini/,https://cdn11.bigcommerce.com/s-3k1bxwjbw6/products/1458/images/383310/77776cd1adfb94e76f4a41e305df6121fc194233_59259_oh_deer_biab_mini__94273.1758289498.220.290.jpg?c=1
The GelBottle Inc.,BIAB,Biab 20Ml,Sheer,Cloud BIAB.,#EDE8E5,https://thegelbottle.com/biab-20ml/cloud-biab/,https://cdn11.bigcommerce.com/s-3k1bxwjbw6/products/2194/images/384924/d923b5025742423600582daf6dc474614beca896_Medium_25002_EC_POP_CLOUD_2330_1500x1500crop__69529.1758289429.220.290.jpg?c=1
